Number,1,2,3,4,5,6
Sequence,4,5,6,7,8,9
Time,8/1/2016 11:17:13 AM,8/1/2016 11:20:27 AM,8/1/2016 11:25:31 AM,8/1/2016 11:26:52 AM,8/1/2016 11:27:27 AM,8/1/2016 11:28:14 AM
User,"","","","","",""
Computer,"Labe-PC12","Labe-PC12","Labe-PC12","Labe-PC12","Labe-PC12","Labe-PC12"
Job,"","","","","",""
Device,"","","","","",""
Comment,"","","","","",""
Sequence Comment,"","","","","",""
Version,"3.0.14.799","3.0.14.799","3.0.14.799","3.0.14.799","3.0.14.799","3.0.14.799"
Class,SpectrometerMeasurement,SpectrometerMeasurement,SpectrometerMeasurement,SpectrometerMeasurement,SpectrometerMeasurement,SpectrometerMeasurement
Mode,Scan,Scan,Scan,Scan,Scan,Scan
Group,"","","","","",""
DUT Type,"","","","","",""
DUT Manufacturer,"","","","","",""
DUT Model,"","","","","",""
DUT Serial Number,"","","","","",""
DUT Lot,"","","","","",""
Part Number,"","","","","",""
Description,"","","","","",""
Bin,"","","","","",""
Bin Set,"","","","","",""
DUT Comment,"","","","","",""
Photopic Power,123.353712571321,93.4549406525173,154.326225444168,154.80165519112,92.8881555235834,93.1427922036499
Luminous Flux,0,0,0,0,0,0
Luminous Efficacy,0,0,0,0,0,0
Illuminance,123.353712571321,93.4549406525173,154.326225444168,154.80165519112,92.8881555235834,93.1427922036499
Luminous Intensity,0,0,0,0,0,0
Luminance,0,0,0,0,0,0
Tristimulus X,278.731977490448,207.905080253394,40.8399885888317,41.3545082911823,27.4929699344537,27.7469037311377
Tristimulus Y,123.353712571321,93.4549406525173,154.326225444168,154.80165519112,92.8881555235834,93.1427922036499
Tristimulus Z,4.89816053845532,7.00358397497575,29.5794402472916,30.4169801557239,21.0053890372316,21.4854964073268
Cx,0.684872328667025,0.674220553147647,0.181716477320172,0.182521668840198,0.194452561707176,0.194885803310906
Cy,0.303092401306335,0.303067350275064,0.686670565170084,0.683230380730522,0.656980305760998,0.6542066119204
u',0.52008732115655,0.509965016255715,0.0668283273466551,0.0673902032171465,0.0741134569313548,0.0745210776254978
v',0.517874126366776,0.515774737729549,0.568194769493594,0.567586454867491,0.563401853020847,0.562854794879963
u,0.52008732115655,0.509965016255715,0.0668283273466551,0.0673902032171465,0.0741134569313548,0.0745210776254978
v,0.345249417577851,0.343849825153033,0.378796512995729,0.378390969911661,0.375601235347231,0.375236529919975
CCT,0,0,7814.47062923043,7818.73079032721,7744.68368319249,7751.9366837921
Duv,0,0,0.149391272939398,0.148701022092346,0.141499020789716,0.140961805679593
Du'v',0,0,0,0,0,0
CRI Ra,-100,-100,-2.10541287378253,-0.762834264078167,10.4482729429543,11.2692799861171
R1,-100,-100,-28.6815231648443,-28.0474998981722,-22.7997744783873,-22.2462679088795
R2,-100,-100,8.28180460418581,9.27957983452693,16.9007283740932,17.4436903523997
R3,-100,-100,16.2328441991728,18.5753368593311,39.0926609293051,40.4228440927186
R4,-100,-100,-32.2140722499813,-30.3482246568962,-14.7846733636561,-13.6605537345512
R5,-100,-100,-4.11332191091583,-3.63387465551342,0.0851683438201292,0.4960592151849
R6,-100,-100,-1.45585795806987,-0.573033500537122,6.30997936958954,6.80378516994035
R7,-100,-100,34.9856316635472,37.2267002816356,57.0680495821019,58.3306181427693
R8,-100,-100,-9.87880817335481,-8.58165837700005,1.71404478676793,2.56406455935495
R9,-100,-100,-100,-100,-100,-100
R10,-100,-100,-72.2870668391344,-70.2701372347677,-55.3403683803483,-54.2520634584719
R11,-100,-100,-61.7760041756789,-59.8142470231462,-44.1275059954908,-42.9449350067153
R12,-100,-100,-21.4122816797182,-20.5939671211583,-15.7015374995436,-15.2838889340302
R13,-100,-100,-31.3177927791838,-30.5716441803757,-24.358455687358,-23.7891932280355
R14,-100,-100,57.6524773702778,58.7693992981056,68.5986578181928,69.2362036998303
CQS Qa,0,0,2.23570815945285,2.5750651486285,7.2191326716668,7.79312661872511
Q1,0,0,15.1260278712412,16.3472275523719,28.3051630724802,29.2813124860774
Q2,0,0,25.6693913082788,27.4248498766866,43.4017628945441,44.4745031026364
Q3,0,0,35.3550488483449,36.6033362546827,46.7769477258127,47.3625325552199
Q4,0,0,40.1719385564921,40.622431305716,43.5667698159474,43.8535919932264
Q5,0,0,26.9589087545929,27.4807271900734,31.2961948969045,31.7142898545228
Q6,0,0,4.21030495301113,4.61759089778645,9.20537845262909,9.7008085431515
Q7,0,0,0.190152729220775,0.230137914913685,1.13073716980223,1.27757623136677
Q8,0,0,0.359087465478021,0.451432825209069,2.99545871415304,3.42303615693882
Q9,0,0,0.91249550135892,1.12612538424082,5.79632943451445,6.4806214432838
Q10,0,0,0.110947380091899,0.141480118198351,0.989072800645124,1.15875405475389
Q11,0,0,1.12747177937004,1.30462350776061,3.68996523714468,4.03302840779603
Q12,0,0,0.538590468609702,0.615908486884662,1.68402711474221,1.84216820389555
Q13,0,0,0.443358529188837,0.501910032527751,1.31260858730866,1.43373504330935
Q14,0,0,0.0909314433961755,0.10860976535082,0.399681436071664,0.459366224904002
Q15,0,0,2.17604167305298,2.47271425674789,6.18190022591301,6.70846140034001
Gamut Area,0.0138811615852558,0.0355347399524445,0.0252291559873314,0.0272652164150795,0.0469459611262346,0.0492299261486151
Dom Wl,623.4,624.1,526.2,526,526.2,525.9
Comp Wl,492.8,492.8,0,0,0,0
Color Purity,96.4301007844772,93.1950262031455,72.3276665401637,71.4880903730138,66.2504134228418,65.4919256974307
Radiometric Power,0.669536136261406,0.52161555747142,0.409046438907363,0.418390179948872,0.292137368260575,0.297678314031924
Flux,0,0,0,0,0,0
Irradiance,0.669536136261406,0.52161555747142,0.409046438907363,0.418390179948872,0.292137368260575,0.297678314031924
Radiance,0,0,0,0,0,0
Radiant Intensity,0,0,0,0,0,0
Peak Wl,632,631,522,521,522,522
FWHM,17.0004900516159,16.1714440368977,32.7623320450164,32.6590386940175,31.5314107546302,31.7861475833632
Centroid Wavelength,629.292815076885,626.924007773796,549.229700729466,550.436781501643,562.764594187956,563.151935989844
Photosynthetic Photon Flux Density,3.29567007831646,2.41867214684869,1.44236093236989,1.4533023524359,0.891287125104533,0.897691929575593
Photosynthetic Photon Flux,0,0,0,0,0,0
Photosynthetic Photon Flux Intensity,0,0,0,0,0,0
PPF Density,3.33090041064838,2.46571829671453,1.50470493458188,1.52084436696785,0.960279820837294,0.969847038603422
PPF,0,0,0,0,0,0
PPF Intensity,0,0,0,0,0,0
YPF Density,3.25794573237406,2.40227848778562,1.15445213768087,1.16702887712771,0.739054823483448,0.746444322892059
YPF,0,0,0,0,0,0
YPF,0,0,0,0,0,0
Photon Flux,0,0,0,0,0,0
Photon Radiance,0,0,0,0,0,0
Photon Irradiance,3.5220795441843,2.73361785403492,1.87801473624122,1.9251354640206,1.37431486507974,1.40134524360913
Mfgr.,"Orb Optronix","Orb Optronix","Orb Optronix","Orb Optronix","Orb Optronix","Orb Optronix"
Model,"SP-200","SP-200","SP-200","SP-200","SP-200","SP-200"
Serial,"2015939","2015939","2015939","2015939","2015939","2015939"
Integration Time,0.22,0.31,1,1,1,1
Averages,5,5,5,5,5,5
Saturation,0.904416028321177,0.954954680013428,0.878383739738151,0.877407147434919,0.552507095553453,0.549760429700613
Optical Saturation,0.900817024510735,0.95303401533713,0.86820346606694,0.867145125016537,0.515048286810425,0.512071702606165
Calibration File,"SP-200 2015939 Diffuser 2015-12-18 Attachment 2.calx","SP-200 2015939 Diffuser 2015-12-18 Attachment 2.calx","SP-200 2015939 Diffuser 2015-12-18 Attachment 2.calx","SP-200 2015939 Diffuser 2015-12-18 Attachment 2.calx","SP-200 2015939 Diffuser 2015-12-18 Attachment 2.calx","SP-200 2015939 Diffuser 2015-12-18 Attachment 2.calx"
Calibration GUID,"4f22a5dc-17e0-b717-0050-8f403e25c18c","4f22a5dc-17e0-b717-0050-8f403e25c18c","4f22a5dc-17e0-b717-0050-8f403e25c18c","4f22a5dc-17e0-b717-0050-8f403e25c18c","4f22a5dc-17e0-b717-0050-8f403e25c18c","4f22a5dc-17e0-b717-0050-8f403e25c18c"
Absorption File,"","","","","",""
Absorption GUID,"","","","","",""
Spectrum,Irradiance:350-1000,Irradiance:350-1000,Irradiance:350-1000,Irradiance:350-1000,Irradiance:350-1000,Irradiance:350-1000
350,0.000830140724028526,0.00136429129428171,0.00191488781349117,0.00202230252743423,0.00224208756168826,0.00232829608572887
351,0.000682580315388675,0.00114934959110933,0.00187498810829066,0.00215059356909737,0.00213937541360851,0.00225531957965483
352,0.00109053091166407,0.00136775283562869,0.00198457148760032,0.00212163213025113,0.00212169908299835,0.00226412431452009
353,0.00108750071193361,0.00114868792378283,0.00173595462481681,0.00194182103865726,0.0020475362241429,0.00208648392405866
354,0.000591398391125383,0.00102602819386154,0.00168762090314397,0.0017561673844487,0.00168660277828265,0.0019657595484127
355,0.000925447643072101,0.00136332285160175,0.00182348260960306,0.00208188845684064,0.00205933235685206,0.00212739637787023
356,0.000581845951091936,0.00108228211298621,0.0016083701598668,0.00170633082537338,0.00166846104733409,0.00182087907960791
357,0.00058921312040022,0.00122669266158547,0.00156771437821784,0.0017366058402811,0.00174772183884578,0.00187734872533382
358,0.000588083966826062,0.000888060741296211,0.00143458407885613,0.0015000631571787,0.00163465222915643,0.00171117494865943
359,0.000741181021813666,0.000774361446701639,0.00118582160196769,0.00132570595374398,0.00129459546484265,0.00130937858948477
360,0.000407204548073001,0.000880149461113828,0.00126549420468692,0.00128146554951221,0.00137953627409413,0.00146945464239899
361,0.000336434662911208,0.000655803493313671,0.00103387339193862,0.00119978808855731,0.00110729256596941,0.0012021031303271
362,0.000574432084043036,0.000709271339738684,0.00107635980786098,0.00120541401203059,0.00119897155276862,0.00128781424745626
363,0.000425850064656514,0.000633210647597205,0.00106949213774826,0.00111928285089023,0.00116601939376816,0.00123139502342883
364,0.000379956479503388,0.000649149062950831,0.000944262213876939,0.00101546887262832,0.000969029747355679,0.00101546887262832
365,0.000421012232749577,0.000580247844670489,0.000933039617182693,0.0010339133798982,0.000991234126454918,0.00107444810721403
366,0.000295284001202658,0.000572907451785194,0.000749653737492515,0.000838518159371014,0.000845500629642398,0.000855687384216403
367,0.000265898578239516,0.000514657022605536,0.000726827089862719,0.000811311489234821,0.000859284219886034,0.000820038981114682
368,0.00025471834516531,0.000734322800856718,0.000818737287767696,0.000869109855146536,0.00092703638060208,0.000905280210529124
369,0.00030515023207469,0.000503026871576826,0.000713771562368502,0.000776112779874254,0.000782477674142297,0.00089346058238432
370,0.000422446612507485,0.000565460939740225,0.000689978116026132,0.000719472595626286,0.000766841223827298,0.000781022845311874
371,0.000290511537849099,0.000514013722546909,0.000773069745506102,0.000825439821870642,0.000882536965406262,0.000885774682646728
372,0.000288558567377119,0.000381028432082441,0.000620482433580404,0.000671053545219038,0.000701061462527069,0.000741948744277454
373,2.35794542621544E-05,0.000214931615348117,0.000346752717392311,0.000400918092325946,0.000390138913234675,0.000426990231752957
374,0.000268848163234979,0.000312334280258018,0.000467115312862488,0.000511717306278721,0.000520511521977697,0.000565103447602632
375,0.000237477894518612,0.000300198870691875,0.000577961825784673,0.000630206962578768,0.000626941641529137,0.000649798888876553
376,0.000239633135470346,0.000278836627350569,0.000433327319062383,0.000475830695740446,0.000532724809598341,0.00053381220563112
377,0.000187598528729303,0.000254516076625432,0.000441598082226304,0.000454505188259484,0.000483551982999696,0.000520833372041104
378,0.000179158343255525,0.000276150442739068,0.000460266522792466,0.000478904222498525,0.000516126796327826,0.000515284367296584
379,9.21234498207913E-05,0.000275094102006276,0.000406288781411333,0.000449263423119891,0.000466658408469502,0.000484347498440326
380,0.000217301186915527,0.000366778638071893,0.000492275283439446,0.000518116505667238,0.000523284750112797,0.000600808416796174
381,0.000175948785072986,0.000242914956968608,0.000366435728540786,0.000407646914905987,0.000409188097051784,0.00041381890750557
382,0.000126071609396487,0.000239721432782483,0.000356322018460087,0.000372832941522007,0.000394393473574852,0.000422639289156314
383,0.000161749953218225,0.000237445820704374,0.000328089364716542,0.000377232693839718,0.000391784095484096,0.000406549075661286
384,0.000138760468696618,0.000254842810926742,0.000364410587766311,0.000399208461177719,0.000405361848040189,0.000414638998748003
385,0.000179563079248107,0.000225218407446979,0.000326128461694871,0.000367379752823944,0.000388942178412557,0.000382348164471086
386,0.000138312111323922,0.000195147245278094,0.000300632256066576,0.000345327921701772,0.000349928250561268,0.000338859361315726
387,0.000141111167673211,0.000200855253582171,0.000301296720528544,0.000330149984260185,0.000342178562077147,0.00034634642598315
388,0.00010703435580705,0.000198942504649048,0.000270944461283801,0.000299213334504219,0.000296144479791356,0.000316446134045685
389,0.000142835860247355,0.000201300845552013,0.000306989856067645,0.000339713100916914,0.000349321493605153,0.000363922147263082
390,0.000130680099160961,0.000230600290055958,0.000275133837034523,0.000325661089615024,0.000316786453579201,0.000328396524497629
391,0.000141923119772942,0.000156674985269054,0.000261927002158729,0.000280140469196257,0.000275803929425417,0.000284477008967097
392,0.000144906588896432,0.000198982351022137,0.00029006282062521,0.000305169504633525,0.000308791421026103,0.000335172142969132
393,0.000100229779820442,0.000180918879135949,0.000227631263484293,0.000239492799020429,0.000245200639627589,0.000268641939821354
394,0.000146728201487682,0.000164758100513978,0.00023784992444599,0.000249959709383241,0.000272350883787045,0.000279319189271933
395,0.000137197623247401,0.000167444478431996,0.000219392423035928,0.000246889261349079,0.00025643592727282,0.000272967854079882
396,8.3694486667538E-05,0.000212835979536266,0.000247805425941469,0.000262382215702732,0.000256244620013779,0.000290768595764138
397,0.000131250359088348,0.000144135003630324,0.000229675235442026,0.00025336321773533,0.000260628660009737,0.00025823056896942
398,0.000100906362848987,0.000135936775401859,0.00022770939669914,0.000244178216793376,0.000247142185117259,0.000264402601629703
399,0.000111165875237768,0.000178595582015075,0.000228896501270745,0.000249153828142311,0.000259017170662284,0.000274902448544501
400,6.91995040563395E-05,0.000179614822725359,0.000224428893022841,0.000249285599833875,0.000251632054993544,0.000268141444047575
401,0.000131800571975907,0.000132319063604451,0.000214995664725576,0.000227018448608257,0.000241162900234939,0.000241870122816273
402,9.80112868136736E-05,0.000167390270801726,0.000212173297240423,0.000237949367744865,0.000242899629881445,0.00025856597146375
403,0.000152919897352014,0.000138205464891023,0.000212298747149906,0.000233204575787476,0.000229879123744008,0.000233995129498419
404,0.000122335832211848,0.000150162103827725,0.000220248241019767,0.000243504644411787,0.00025482719800944,0.000254262708565918
405,6.80985327434161E-05,0.000128314465687307,0.000213632296955597,0.000225056680941867,0.000235986411729284,0.000244732301266447
406,0.00010235338230036,0.000157849188107172,0.000229492196423083,0.000240574189167515,0.000241880163337282,0.000245155638202367
407,0.000123818394030695,0.00010040620152942,0.000194487732274189,0.000204572763376915,0.000218181941228848,0.00022471092707812
408,9.13582465155917E-05,0.000128683975680555,0.000180419180399505,0.000196498231786249,0.000206888495986455,0.000212295194552173
409,9.03495414659593E-05,0.000159856676509706,0.000210835713875122,0.000224737827996171,0.000233524276527733,0.00024223262329457
410,0.000115241380942527,0.000160169971309694,0.000207932095272796,0.000236331235942282,0.000239262760140423,0.000246912206094946
411,9.94525945746252E-05,0.000122321009158794,0.000202188222648112,0.000212180317684944,0.000206690495524913,0.000222297343655196
412,8.05251782674013E-05,0.000117494798660027,0.000181897070093659,0.000194475999004143,0.000209157362177484,0.000215457197756753
413,9.35065804505191E-05,0.000126571556697651,0.000188796033821156,0.000215667050555197,0.000221537950691298,0.000231397335364305
414,0.000100129172660575,0.000111817571065877,0.000186615326945927,0.000217852949774618,0.000223931024971238,0.000229788079251617
415,6.09566337709978E-05,8.42239724575731E-05,0.000158489207824973,0.000183434387181998,0.000197146689749905,0.000199130230372936
416,4.73699394708872E-05,0.000143651463027298,0.000175389661205874,0.000187986169183786,0.000198278655657277,0.000196658753882675
417,0.000107108484063023,0.000121257991942316,0.000181217354226628,0.000173923776502337,0.000177851087584648,0.000197487642996202
418,7.22462978329677E-05,0.000102781148963372,0.000174879443774687,0.000185673774576525,0.000201259798665548,0.000203178212101178
419,7.28464439558533E-05,0.000114927073654935,0.00017446546773619,0.000186981590011988,0.000176013107562038,0.000204244712806247
420,5.62574269541787E-05,0.000113403453601288,0.000154646674660908,0.000171019637195132,0.000156882942936432,0.000175261493950152
421,8.66358037044389E-05,9.00827937880357E-05,0.000151834229846409,0.000167311678829036,0.000173358628598937,0.000178128046398236
422,0.000101386303202885,0.000125058681216462,0.000163569902500655,0.000193840955885516,0.000177377751413047,0.00019012345810141
423,7.9213053183456E-05,0.00010292086004644,0.000164775193754649,0.000171974892866551,0.000178782208376855,0.000177367467501366
424,8.59059274745544E-05,0.000106385817095638,0.00017249230846368,0.000194242649416784,0.000194473965713764,0.000216407326154587
425,4.83647778950784E-05,9.74250647812932E-05,0.000156269069736313,0.00016251937132289,0.000164464444322241,0.000170271088794275
426,7.16404555396575E-05,0.000112158530114876,0.000165968425010116,0.000182712498187218,0.000190656367507367,0.000190949287177076
427,0.000106018582752805,0.000114494121626451,0.000160226345064674,0.000161240435856222,0.000180508160895645,0.000178479979312548
428,3.94299426760287E-05,0.000136387481354323,0.000169443606993121,0.000177860938432909,0.000185932950566576,0.000203023482570567
429,6.70471373446454E-05,0.000104567204386038,0.00015382185987248,0.000162262891142563,0.000156619859151803,0.000167914741901846
430,6.76519672306985E-05,9.64305914816862E-05,0.000153261567207999,0.000165608748510819,0.00016241505856115,0.000169777882341119
431,7.19391362590776E-05,0.000118142572647454,0.000151742757897931,0.000159020105289699,0.000157623318593876,0.000178227798841587
432,7.41004208903907E-05,0.0001051747909412,0.00017141897365977,0.000181793032584425,0.000186733060643784,0.000188215069061592
433,7.38799863422801E-05,8.50012444946551E-05,0.000156349568183473,0.000161215693080477,0.000171820953256838,0.000181165123705225
434,6.70114003650403E-05,0.000103013272506101,0.000152145500977929,0.000172019567240388,0.000163944874278636,0.000177010725147315
435,7.04374307356523E-05,0.000118533747852991,0.00015503374642243,0.000170135267041422,0.000171040549990215,0.000177329706904555
436,0.000119796202616965,8.10706871289356E-05,0.000152510127455954,0.000158664492810177,0.00016670518067235,0.000165367606530349
437,7.26191801778686E-05,0.000103072384768588,0.000162666963598426,0.000170413009484065,0.000173801904559032,0.000185420973387491
438,9.63858489784827E-05,0.000134878045579839,0.000166413389684906,0.000179192830442338,0.000178743586338772,0.00018496848969836
439,8.79326376387155E-05,9.71384011461301E-05,0.000158553659666683,0.000164796578862294,0.000171834383552724,0.000183090655400693
440,8.9610410069814E-05,0.000112223200839238,0.000157685517845421,0.000169461066654781,0.000167497165919397,0.000178001416319386
441,6.85631139993631E-05,0.000118990178489218,0.000151602310338268,0.000163988144229396,0.000160144903731162,0.000168479954724922
442,4.69839587368081E-05,8.33586364685305E-05,0.000131085244875695,0.000143770913734633,0.00014189155538516,0.000148469309608314
443,5.54932268917451E-05,9.0836471470549E-05,0.00014005284192653,0.00016133279694324,0.000151421836251152,0.000163536811934305
444,5.17644428313085E-05,0.000109980103312204,0.000151505633076216,0.000155749007209075,0.000165725899034427,0.000162525353469304
445,6.7696242299681E-05,9.60380147315983E-05,0.000149420511267527,0.000157042159027455,0.000157956402204505,0.000164340276134008
446,5.93910570520508E-05,8.84864427551647E-05,0.000148635064709061,0.00015831652256345,0.000155185969857393,0.000169604401177861
447,6.38346381407927E-05,7.59904537284775E-05,0.000120956343367425,0.000130469763632278,0.000139077143871908,0.000134093923733175
448,7.5378239952391E-05,0.000113570662063021,0.000157613996473089,0.000167176365797407,0.000165588686721017,0.000171079834371336
449,6.01295095755283E-05,8.80113548837054E-05,0.000149700962308546,0.000159353315323759,0.000156734790682186,0.000170974896416338
450,7.13842079073995E-05,0.000102603479084955,0.000147949311261668,0.000155032740751347,0.000156736756197327,0.000165680266445397
451,5.3451385397495E-05,9.95733850821048E-05,0.000158670584609563,0.000166305789166025,0.000174949031433776,0.000171822752315653
452,8.25223093168787E-05,0.000100395804883207,0.000132271472933626,0.000147832822690523,0.000148265082405992,0.000161232873870073
453,5.81069557030359E-05,6.90795987096392E-05,0.000133018765981089,0.000151007545969763,0.000131539392445128,0.00015023580820334
454,7.96234984439654E-05,0.000102222799986252,0.000141282302682797,0.000147228259330577,0.000145346570009653,0.000151205025421189
455,9.00327729481782E-05,9.4310410192206E-05,0.000127549890706145,0.000148770215766494,0.000145800659617567,0.000141436983485562
456,6.24293663056299E-05,9.7780247183373E-05,0.000151663235388196,0.000154285504800882,0.000146986638576709,0.000153886322699694
457,7.65869249830323E-05,0.000108704022556562,0.000144655889528927,0.000163559784183276,0.000168080280731055,0.000161915967256811
458,4.89143093435235E-05,0.000112759525838961,0.000136431461106597,0.000155651307013765,0.000141775079270448,0.000143962466892659
459,4.40305300858679E-05,9.91493649380068E-05,0.000134564861536129,0.000143953052736369,0.000134000498838337,0.000136776627698582
460,6.79582457336665E-05,9.44579325896196E-05,0.000135517731494562,0.000146660288374612,0.000137867879578476,0.000141477055097616
461,5.59892987783779E-05,8.48476102335689E-05,0.000143090344833311,0.000163282143639177,0.000144868977057225,0.000146243093966326
462,8.54831880214118E-05,8.97343680708638E-05,0.000142614452015722,0.000157110975984353,0.000149666815027489,0.000157502773929451
463,6.88625190107183E-05,7.90473297275617E-05,0.000148720175676571,0.00015535252146947,0.000145830938636669,0.000152322114017109
464,5.84323710078215E-05,8.06382985392737E-05,0.000138431209163048,0.000153660774000662,0.000137059669183742,0.000141145613182615
465,4.70324334033648E-05,8.73463668887659E-05,0.00014780869681381,0.000158765602276231,0.000139141325422447,0.000143829920493449
466,5.63915524204451E-05,6.82120994321532E-05,0.000146399606885892,0.000161937020478246,0.000144963325399747,0.000147003261423547
467,5.84462316843692E-05,9.88151659027949E-05,0.000148625329159722,0.000148247147660588,0.000136901702686564,0.000136145339688295
468,4.40841840405988E-05,7.61611170759013E-05,0.00015033922018993,0.000159823412803537,0.000130745159601587,0.000135262248465395
469,6.28836153742582E-05,8.15622820025082E-05,0.000166065448440922,0.000177397142809358,0.000151390353405334,0.000156337927594557
470,8.71470444401875E-05,8.47537247388312E-05,0.000163143793949815,0.000188431765663775,0.000150386036198951,0.000160583671243511
471,7.56467890202711E-05,9.34052145948142E-05,0.000170981275155065,0.000177972664365005,0.000144580651365202,0.000149327711729925
472,3.7017883709799E-05,6.09003893290242E-05,0.00016398922483441,0.000182127987852211,0.000132153844843983,0.000142889031119824
473,9.71587148104164E-05,0.000138644466860313,0.000243714784603057,0.000253530919356106,0.000212294142805129,0.000209167108286405
474,3.62285188965786E-05,6.4390853487543E-05,0.00019054080007424,0.000202612683391995,0.000149743317607466,0.000156316643533376
475,6.0449030292641E-05,7.62845131955079E-05,0.000207597598477749,0.000207851076011831,0.0001539381612875,0.00015878033509204
476,4.9629423951548E-05,8.79923825856741E-05,0.000206195667257658,0.000222226736319698,0.000154384986679862,0.000161857022606803
477,6.26816820306067E-05,8.89675486886031E-05,0.000243864733458024,0.000254388657967373,0.000170560155841177,0.000181446974299125
478,3.19479291036054E-05,7.57353514903568E-05,0.000242435600195776,0.000250156949637212,0.000178510397606656,0.000179007896253063
479,4.31675248782911E-05,8.34383288894373E-05,0.000257116945541341,0.000273983202539632,0.000173254972650074,0.000188619996364019
480,5.40078790331337E-05,8.20597581707797E-05,0.000273459444442738,0.00028629248823488,0.000184736268582541,0.000189729287779723
481,6.88937604449441E-05,9.3990929356171E-05,0.000311682943276907,0.000322104355475046,0.000204601807518543,0.00021750758984923
482,7.01802581562843E-05,8.33949954385254E-05,0.000349367117696145,0.000355471168056715,0.000230517666557991,0.000229799542986159
483,3.97537158491167E-05,7.82522468781622E-05,0.00035653883906586,0.00037051761783236,0.000221056029091149,0.000227865898879006
484,4.94275803783559E-05,8.10554171593311E-05,0.00039016940169717,0.000403697413039317,0.00023647598767474,0.000238381159978677
485,4.73365765925483E-05,8.36161736430642E-05,0.000446911619435876,0.000454963606845332,0.000260493497373985,0.000264383398224253
486,4.88011547070634E-05,7.57633754561139E-05,0.000485004022774723,0.000500399698599591,0.000277446462930977,0.000288959772015248
487,2.87922072163636E-05,7.37864808591398E-05,0.000526449513280534,0.0005363028464168,0.000293840470313667,0.000305805231979133
488,3.08762056116067E-05,7.4695071730371E-05,0.000590267991552395,0.000594206209528848,0.000330586367425727,0.00032705038110837
489,6.52921632187834E-05,8.59348675503655E-05,0.000660044109893733,0.000673056726189274,0.00036204570244005,0.000364430503690061
490,6.46538842880661E-05,7.25793582254404E-05,0.000734461313513465,0.00075039843203166,0.000406670820760491,0.000400987517624546
491,4.90377808774501E-05,7.19134948626673E-05,0.000807276389766004,0.000811644648676919,0.000420645324091095,0.00042198530996391
492,5.00000671875903E-05,6.76412199251473E-05,0.000894094951440091,0.000903032463449873,0.000470594382361201,0.000483656899913959
493,5.8827362928485E-05,8.26605367265325E-05,0.00101344852318242,0.00102162386686967,0.000526042004889514,0.000523790891490191
494,4.33276461908747E-05,6.94650402980564E-05,0.00112363875567715,0.00112553378594735,0.000577850395065471,0.000584351494167047
495,5.01890765203862E-05,7.2279779112241E-05,0.00125102670227523,0.0012594413303498,0.000634744920560094,0.000645092844300221
496,7.45658393439219E-05,7.10153243240374E-05,0.00137926751040251,0.00141518256854828,0.000686811984850487,0.000699059094134716
497,5.32459491242563E-05,7.55748955312024E-05,0.0015462623625684,0.0015563030272604,0.000777816824807136,0.00078250246833007
498,4.26663385053511E-05,6.18496534922535E-05,0.00172519213516895,0.00173124196682147,0.000870162255237531,0.000862768882792763
499,5.25017285299067E-05,6.75687311541135E-05,0.00193544954605817,0.00192226481513526,0.000957641810696644,0.000963670011760451
500,2.29992924475627E-05,6.19176642587152E-05,0.00212549964620133,0.00214074350063461,0.00105998159007814,0.00107175916330123
501,5.80395315464901E-05,7.81059876608737E-05,0.00236928048825302,0.00237866702627764,0.00118943997489502,0.00119478799969324
502,5.62474734893076E-05,6.19772670535834E-05,0.00261686929818991,0.00262370780680888,0.00131136543850308,0.00132634502881129
503,4.91983712200378E-05,7.74318732773432E-05,0.00289399017549487,0.00289122604623811,0.00147416683271692,0.00148242378293262
504,3.11028506531251E-05,5.82992419394376E-05,0.00316182970717846,0.00317637409769537,0.00159046645293459,0.00159911520870882
505,5.16218462200202E-05,5.6286522912248E-05,0.00348102277563922,0.0034982155964552,0.00177466421555179,0.00177747020272865
506,5.6752152613149E-05,7.63462113217607E-05,0.00382310649205566,0.00381141961112667,0.00196576813964633,0.00196461223276751
507,4.4775329900079E-05,5.91224217259651E-05,0.0041845341853993,0.00418916148980304,0.00215409387829358,0.00216540154099478
508,4.07919814213741E-05,7.16374140155119E-05,0.00451691705335328,0.00452395151347272,0.00235353711781438,0.00237219790883197
509,5.56992964958916E-05,7.95646555029596E-05,0.00489056273748463,0.0049053538957708,0.00257389757091416,0.00259417640627724
510,2.6763945304704E-05,7.45916662067221E-05,0.00525428931263042,0.00527154784255742,0.00277928398729021,0.0028006803917531
511,7.19324314568914E-05,7.67306372091717E-05,0.00561138829839354,0.00558923529844631,0.0029983895568306,0.00301444453060766
512,4.89099165728433E-05,8.31133425826888E-05,0.00602737845245564,0.00600655244082612,0.00325517959110766,0.00328276153852112
513,5.17929690008732E-05,6.35416727766204E-05,0.00631816155619167,0.00633197405148818,0.00346351456171195,0.0034769620695192
514,5.01129318491506E-05,5.57623946618625E-05,0.00666221396097251,0.00666063898311439,0.00368610122759152,0.00370181259207858
515,5.01753486132749E-05,5.60220969828651E-05,0.00698181120200506,0.00697124652777883,0.00390726123127788,0.00392851743241135
516,3.80969041781701E-05,6.32090377972248E-05,0.00722254493116785,0.00721545721885305,0.00407228068464451,0.00410310899919734
517,3.32692455571656E-05,6.27335594074986E-05,0.00744860600471596,0.00750525373373071,0.004264581496005,0.00428993438589211
518,5.77110062654529E-05,5.77568918906067E-05,0.0076469115379411,0.00767905494276881,0.00440818409086766,0.0044228922691546
519,6.11564826158564E-05,5.31606224360395E-05,0.00778261510750162,0.00777951457632989,0.00453729852560535,0.00454282310842043
520,4.16548793592092E-05,7.39000485766219E-05,0.00786284280599526,0.00787641713362852,0.00462403347421715,0.00463298953886775
521,4.0697180689242E-05,7.5092862433053E-05,0.00790135763081634,0.00792642709412091,0.00469097409787238,0.00468679585398828
522,4.71806561617242E-05,6.61907787500035E-05,0.00791087478949068,0.0079028991000764,0.00473608571176209,0.00470822783037448
523,5.98711112755054E-05,6.80951426641053E-05,0.00780368103418993,0.00782717948614532,0.00470249562411398,0.00469465085815247
524,5.28564391699467E-05,7.73408440750763E-05,0.00772785998690485,0.00775038746239331,0.00465245157166517,0.00466638185914879
525,4.43863214696712E-05,7.5057770219278E-05,0.00754202835475947,0.00756850151324523,0.00456240893049799,0.00458205830520061
526,5.44754230674292E-05,5.751850334893E-05,0.00732054021868667,0.00732434021161284,0.00444979171654157,0.00445534555235674
527,6.36699905596243E-05,7.1244720981966E-05,0.00712346587709606,0.00715900183730002,0.00434176528122827,0.00435046350420474
528,4.9987567120667E-05,6.23912539884498E-05,0.00688984664493956,0.00689564009761231,0.00418612251792571,0.0041849333101587
529,6.53459586819143E-05,5.82184442870181E-05,0.00660063221667226,0.0066120058756903,0.0040301201121584,0.00404166021359082
530,5.03246608025763E-05,4.52236759385642E-05,0.00636196740466456,0.00634563238480246,0.0038762827723427,0.00388188369033958
531,3.39877562506883E-05,6.49393853921339E-05,0.00605805610740633,0.00605776851869959,0.0036819982123486,0.00369350176061806
532,4.1867105229716E-05,5.6828072053112E-05,0.00575920180277706,0.00575584613396906,0.00354311230935687,0.00353472649077006
533,4.27006989341259E-05,5.13628809667156E-05,0.00546895693511012,0.0054801194736869,0.00335480095084193,0.00334553606725586
534,3.80595984264273E-05,5.51586967746229E-05,0.00520392219215595,0.0052161824433354,0.00319336059874966,0.00319522730260381
535,5.20981094094664E-05,5.56733306427779E-05,0.00493441211499364,0.00494920972884132,0.00302439228380722,0.00302534720888043
536,4.77652280411074E-05,7.69641675858075E-05,0.00466298185846116,0.00467817752803301,0.00286021287626859,0.00286748105851643
537,5.18762020126703E-05,7.19540968160921E-05,0.00442786969707347,0.00444008512711696,0.00271370274220745,0.00270724413511983
538,2.49278945566192E-05,6.51290542802485E-05,0.00420612334263797,0.00420065667123934,0.00256510892962784,0.00257770148578889
539,4.02272096639648E-05,5.47981600383491E-05,0.00398023220835242,0.00397474872803393,0.0024395394661362,0.00244505392656948
540,4.95897946630662E-05,6.71205062042233E-05,0.00378722519248054,0.0037852882260091,0.00231982738934563,0.00231489777022362
541,4.85704685517956E-05,4.63535446952945E-05,0.00358668150964293,0.00358062686077176,0.00218604247419156,0.00219629265801494
542,3.2202314444745E-05,5.73474908544898E-05,0.00338444280222864,0.00338538331426957,0.00206343230300649,0.00205903643151085
543,3.81775816775102E-05,6.42572928678237E-05,0.00320644336482599,0.00320866816927775,0.00196914165181624,0.00195272293989317
544,4.17861361679833E-05,4.18601295973109E-05,0.00301719016790961,0.00301604561235552,0.00184603497095226,0.0018518286123874
545,4.17729176973658E-05,5.39095775005289E-05,0.00285259614526358,0.00286442442454146,0.00176299771567959,0.00174906343211832
546,4.42830890037097E-05,6.11452089340646E-05,0.00269697921690384,0.00270391170184673,0.00166977087728873,0.00166562973316406
547,4.48007194560435E-05,6.03897415311799E-05,0.00251856949289255,0.00252132471476232,0.00155390708194183,0.00155358084068122
548,5.24831240957703E-05,7.30715705937455E-05,0.00239012174386462,0.00238887217634279,0.00147942231651471,0.00148393209556843
549,4.3340523818512E-05,6.87708103740806E-05,0.00225066183928337,0.00224869253375691,0.00139468591573716,0.00139670609675624
550,4.79712526733211E-05,4.45192270467049E-05,0.00209016898058259,0.00209341626537894,0.00129783149027371,0.00131271487892363
551,5.02866837163445E-05,7.01185574114998E-05,0.0019646076505143,0.00197266464528142,0.00122678407144699,0.00122717642625061
552,5.08592500931823E-05,5.55507056125245E-05,0.00184728185265177,0.00184237412273,0.00114100564708898,0.00114081862833165
553,3.40703009516455E-05,7.1552748753499E-05,0.00172585666864836,0.00173408556134819,0.00106891638415011,0.00107554562344674
554,3.19818364864698E-05,5.43251765214121E-05,0.00160062368817119,0.00160319512551554,0.00100351869080541,0.00100596012785186
555,6.09573047235181E-05,6.48900340605193E-05,0.00152371317179095,0.00152907741460662,0.000956712706174673,0.00095268952406292
556,4.80917891034297E-05,5.63331911701702E-05,0.00141032870547998,0.00143615811892595,0.000879350032670196,0.000886654157614326
557,4.42398718176655E-05,6.24570682566392E-05,0.00133068223374379,0.00133897244744303,0.000831409242109387,0.000829116048120341
558,4.86632715326448E-05,6.62300722899557E-05,0.00124550833074867,0.00126205673405104,0.000786387235794416,0.000791179771835705
559,5.01506869462875E-05,7.20139771049992E-05,0.00117097948799528,0.00116617210654089,0.000731112148375813,0.000735244280276285
560,4.78327543112467E-05,5.79519739568522E-05,0.0010753978136999,0.00107777403328556,0.000680182896082685,0.000670332605109936
561,5.27446611987793E-05,6.836720136866E-05,0.00102078199305962,0.00102920643256519,0.000655048909699165,0.000641628292259343
562,4.2708329090119E-05,6.45739633554646E-05,0.000954646399861704,0.000958640042909955,0.000608508574169342,0.000612104510026066
563,4.24788765672909E-05,6.86543463051294E-05,0.000895959090100895,0.000898894370136202,0.000572094347275744,0.000576085914704038
564,5.20909773233035E-05,5.64915547635083E-05,0.000839154523163336,0.00085428126352508,0.000537499439435061,0.000544041429557891
565,5.45150021233626E-05,7.05187235181711E-05,0.000795538572707785,0.000794006327584225,0.000509774083302626,0.000510998073725403
566,5.77933904880685E-05,7.43898139356206E-05,0.000748313063258451,0.000754267651459941,0.000483437068219024,0.000487492734074693
567,5.37684544825311E-05,8.35961421417559E-05,0.000702421398743914,0.000711747531750057,0.000453422108689281,0.00045475709950266
568,6.80332992467059E-05,7.25153937752432E-05,0.000669076471916429,0.000671313346986167,0.000436538094377181,0.000433127271086101
569,7.62465064803812E-05,6.51016038194384E-05,0.000630868360025329,0.000632440944221487,0.000420142077740176,0.000418045298811965
570,7.45848610791827E-05,8.28340963919747E-05,0.00057497006059648,0.000590469034982368,0.000386571855860896,0.000383707934483246
571,7.2424660359211E-05,9.46568028730189E-05,0.000558652195984226,0.000554598245628554,0.000367860218614191,0.000369638805003214
572,7.25046246040459E-05,7.37814816396913E-05,0.000525030215106152,0.000529567111813642,0.000348336267995534,0.000347258720042182
573,7.97044111461062E-05,9.83012750057516E-05,0.000490266648282724,0.000496327686003553,0.000327856895398881,0.000340981594428584
574,9.56731905860982E-05,0.000100588300735683,0.00046201882999578,0.000456821767791103,0.000310524466729447,0.000311823732280616
575,0.000103706851629106,0.000100212004925473,0.000423173242167904,0.000431291469154278,0.000284160280815441,0.000283293226557517
576,0.000118973544851811,0.000108921981767008,0.000402952592964293,0.000411605458033082,0.000276160399141809,0.000278577291429011
577,0.000127083897768786,0.000112835106852604,0.000391735716772072,0.000398829988544318,0.000269943493021422,0.000271296919176636
578,0.000137402084634559,0.000129165988837469,0.000385351877581963,0.000385321706950387,0.000270130235594175,0.000279644041417728
579,0.000140807847992716,0.000128777205706276,0.000337468259649067,0.000354492245601855,0.000245474950998522,0.000241141335948177
580,0.000167229063725988,0.000135771107015284,0.000331281630214094,0.0003338809297807,0.000240428206409501,0.000245290637469434
581,0.000161523259349346,0.000138100901058194,0.000292466619009931,0.000309109244555643,0.000208567361944395,0.000211982052133064
582,0.000196937280024772,0.000175352056113149,0.000296134975826592,0.000302720526646757,0.00020971130663693,0.000218972051009834
583,0.000210663785165842,0.000178173045295849,0.000283425157147549,0.00028212654737952,0.000203389217600751,0.000205950509979648
584,0.00020261220614241,0.000186541696918359,0.000262771833203197,0.000267303505277468,0.000194163541974635,0.000192709823820119
585,0.000251428357761179,0.000213983939561466,0.0002500972499733,0.000255990321011035,0.000189211963273095,0.00018770294257222
586,0.000270813220733019,0.000225385960087056,0.000239403924987588,0.000249212361235351,0.00017835530569022,0.000179692348602472
587,0.000307021187938323,0.000258378708682373,0.000231492159538869,0.000237458088856889,0.000181786527814408,0.000183719676940109
588,0.000326186596372205,0.000278268659825226,0.000210032344981127,0.000219533808206464,0.000163775221384093,0.000168275914490832
589,0.00038551886239781,0.000304355240164162,0.000208867415355716,0.000209933452513694,0.000159534016950022,0.000158096423045377
590,0.00043875391073639,0.000321105922029334,0.000193688395785925,0.00020182327233862,0.000152022419687112,0.000153365188150131
591,0.00047385161958004,0.000370903470313113,0.000190597810282594,0.000201485441489721,0.000155348375075226,0.000161977144294193
592,0.000523929826275078,0.000414450821416846,0.000180656865116285,0.000187125219620955,0.00014265347249765,0.000149880055992533
593,0.00061255630286309,0.000465319479938694,0.000177898899155085,0.000184532659227828,0.000149792891985547,0.000153490259050501
594,0.000647190803005402,0.0005133363398999,0.000168843567108851,0.000168258091222994,0.000133611355931745,0.000130630227896546
595,0.000717886551798281,0.000556920010955433,0.000164462675783371,0.000168354739479353,0.000129020379213266,0.000137034352886489
596,0.000786360754464868,0.000637830576183475,0.000164458663657874,0.000170953494322815,0.000139216695303012,0.000144508072050626
597,0.000917670695411693,0.000703856546903981,0.000154725208932665,0.00016099539554709,0.000134947300529683,0.000135115389479829
598,0.000990390593445545,0.000780399675186178,0.000146198949257077,0.000149147206326505,0.00011663142192596,0.000128156729709434
599,0.00115848135882128,0.000861722352581451,0.000135163279526829,0.000142054586389223,0.000114461363821053,0.000116534188830753
600,0.0012831198522695,0.000969951555897481,0.000140429217592301,0.000142566120965283,0.00011921203487356,0.000121706920345023
601,0.00139748787289837,0.00108945767508309,0.000127037039457079,0.000139447313403326,0.000114129522663807,0.000115774394439132
602,0.00155141225397846,0.00120775193161805,0.000133094262864309,0.000135268216341222,0.000115702635049009,0.000124881549729307
603,0.00173383971150298,0.00135466826782091,0.000127258851394162,0.000130975341424765,0.000117506125196711,0.000116747873892621
604,0.00191672637427469,0.00149274791784885,0.000120795043395389,0.000126114241300009,0.000110309438567828,0.000112140576095585
605,0.00220344838089332,0.00171135439363466,0.000120487419028041,0.000132400741148638,0.000113600349104914,0.000118815291368517
606,0.00248364073766168,0.0019116416356858,0.000126689052090954,0.000134634535906979,0.000111777149928385,0.000118499330307007
607,0.00279325514763518,0.00214601984305401,0.000121383146167729,0.000126705367452767,0.000108246121741578,0.000108153389804452
608,0.00304501291938906,0.00237467177203405,0.000112596230643075,0.000116636908512135,0.000104385737909603,0.000106487489297725
609,0.00339260761242243,0.00266011899553598,0.000110167070861998,0.000115015499408492,0.000105543106600064,0.000111962785138477
610,0.00380705327504632,0.00293710249718892,0.000106554935819345,0.000116630796552644,0.000101393719058851,0.00010424798587392
611,0.00425060005643261,0.0032903284741858,0.000106670510170432,0.000116338658985813,0.000104705940233508,0.000103483410059212
612,0.00478421224226968,0.00371746930608716,0.000108985772420761,0.000113650287435332,0.00010477720145911,0.000105475445877404
613,0.0054097934783717,0.00423673606641315,9.95361148026975E-05,0.0001048170498754,9.63593113931499E-05,9.82108168690159E-05
614,0.00604723421489746,0.00472172200162294,9.46517005575651E-05,0.000103275851727585,9.18737837532832E-05,9.47882444456399E-05
615,0.00671875697934921,0.00528160368087154,9.63772686058365E-05,9.94474379857046E-05,9.87199008781113E-05,9.5091518883722E-05
616,0.00753076805757023,0.00589464413339068,8.55229180039521E-05,8.95615002430276E-05,8.17218994259987E-05,8.29097177316091E-05
617,0.00842721761737868,0.00658141738872704,9.45515745266024E-05,0.000104664928982368,9.57452819377745E-05,0.000102644100232281
618,0.00934853189938484,0.00734229845204582,9.56988597754741E-05,0.000107530014286023,9.49986808267556E-05,9.81253086461016E-05
619,0.0104719381020559,0.00820366511421211,8.62048542475216E-05,9.60583015622103E-05,8.9023686805301E-05,9.22888021124295E-05
620,0.0117695538660317,0.00926134792291762,8.62907069696034E-05,9.5119832132464E-05,9.02404827276129E-05,9.18038358554584E-05
621,0.0132891686937473,0.0104198280384035,9.76088022108816E-05,0.000100812945272238,9.48931875189767E-05,0.000101404760663989
622,0.0146600141853004,0.0114912188352884,9.00730253010882E-05,9.94773042720682E-05,9.25252065283139E-05,9.40245714243068E-05
623,0.0162584266767332,0.0128264372292909,8.57118605717152E-05,9.33592324327025E-05,8.9885807808819E-05,9.47164949958167E-05
624,0.0178544195512324,0.0140717304385698,9.08489664298962E-05,0.000102262610179222,9.07107294697453E-05,0.000101767867374471
625,0.0195915989798499,0.0154410477951899,8.95761369171253E-05,8.91095945373486E-05,8.67768826384651E-05,9.14423064362321E-05
626,0.0212187227067635,0.0166825395005606,8.74592417762753E-05,9.37668803514005E-05,8.52942144734023E-05,9.09734066722289E-05
627,0.0230964296557907,0.018194667296765,8.94990859301506E-05,9.81386845321248E-05,9.79166615814792E-05,0.000100624297299632
628,0.0251702352008328,0.0198214994087004,8.56918296374575E-05,9.34498005136996E-05,8.9980173476872E-05,9.3973316741108E-05
629,0.0271980287772585,0.0212226450448274,8.67046961461809E-05,9.00103326722933E-05,8.85901971120219E-05,9.86239016142711E-05
630,0.0287367968866798,0.0220743969327485,7.34965606159986E-05,7.67424655012477E-05,7.51195130586231E-05,8.13794724801751E-05
631,0.0299409544624285,0.0225386428748602,8.0939519579489E-05,8.66254360399658E-05,8.40264190422421E-05,8.75885051437978E-05
632,0.0300059858663067,0.0220681897905896,8.19997034960323E-05,8.80608663716011E-05,8.42617642821298E-05,9.23964828782879E-05
633,0.0294271259586639,0.0209488210400493,8.02374333449703E-05,8.61774447485887E-05,8.27561357201658E-05,8.82061606548895E-05
634,0.0277075423234653,0.0192344202406515,7.79734597346164E-05,8.67763331231521E-05,8.08722877259604E-05,8.68003784918884E-05
635,0.0254474586198915,0.0170842906362492,7.97975893835503E-05,8.02976556956485E-05,8.37901966929546E-05,8.98473602569239E-05
636,0.0230071260108319,0.0150135795408126,7.10479722417597E-05,8.2325377761247E-05,7.98352870749788E-05,8.06697769871423E-05
637,0.0206008036909397,0.01308186099765,8.16542259960586E-05,8.97331929419712E-05,8.56092614475306E-05,9.26949284577221E-05
638,0.0181177352577559,0.0112022815310194,7.29261794852554E-05,8.51773722218518E-05,7.8368539739199E-05,8.46000150815101E-05
639,0.0155513492001064,0.00945328081603853,8.54337539011072E-05,9.3094932919413E-05,8.96125788201831E-05,9.51843453789509E-05
640,0.013001621850805,0.00781628117364747,7.73378230847855E-05,8.69299006552667E-05,8.46228765237217E-05,8.71942848964013E-05
641,0.0107412463462026,0.00643150665576121,7.55808165843998E-05,8.22199665846096E-05,8.17637616346693E-05,8.24776555730695E-05
642,0.008873309875473,0.00528061142486592,8.42046092725932E-05,8.8873541226609E-05,9.56344737533037E-05,9.27303273777134E-05
643,0.0072271298601231,0.00425757921131738,8.20055404191916E-05,8.07953955029933E-05,7.91442924317718E-05,8.55556157504184E-05
644,0.00591273496055254,0.00354200298909857,7.26677426357227E-05,7.60889791197089E-05,8.01620631112729E-05,7.65187861137567E-05
645,0.00502607338380592,0.0029992451143803,7.19909158648065E-05,7.9996587453638E-05,7.84847868102536E-05,8.49442986501694E-05
646,0.00431488215132594,0.00255905021445289,7.61747060368585E-05,8.41656672174639E-05,8.51500609860892E-05,8.67569390495806E-05
647,0.00365040843471646,0.00216134142752841,7.08607631972489E-05,7.61650537763887E-05,7.6340536786681E-05,7.73301162364726E-05
648,0.00307771736839887,0.00182077856042592,7.00046360686138E-05,7.76541492814094E-05,8.04357904496987E-05,8.50718590635141E-05
649,0.00254864638937273,0.00150205270658638,7.70229774719325E-05,8.39802174317315E-05,8.24226927742779E-05,8.4410021808957E-05
650,0.00212163724524376,0.00127388898316443,7.08295926177099E-05,6.88364797748667E-05,7.32033032778907E-05,7.9639810935376E-05
651,0.00173621221049188,0.00104134258525225,6.85206776756045E-05,7.53690205731159E-05,7.92322751882635E-05,8.08251650710705E-05
652,0.00145068967719636,0.000855350036716835,6.58994339770562E-05,7.40246740241436E-05,7.11658099835787E-05,7.52699543979862E-05
653,0.00123615545141425,0.000751709438221532,8.21299000328804E-05,8.42105102202385E-05,8.82179987331528E-05,8.56952113350445E-05
654,0.00105742451849157,0.000646089225035257,7.03597319183231E-05,7.39310445825711E-05,7.22690036711148E-05,7.76503348306839E-05
655,0.000936978407486009,0.000569620239030016,7.45963833734873E-05,8.05531324711768E-05,8.27454469090674E-05,8.77935393647365E-05
656,0.000814679568827715,0.000511381105221972,7.40819619882482E-05,8.56085903842461E-05,8.59316825362793E-05,8.96878544266759E-05
657,0.000735530167202399,0.000444436477067182,7.11993201851922E-05,7.18928200571259E-05,7.46668195448607E-05,8.16018182641976E-05
658,0.000606024495741209,0.000398033213649529,6.9930170660657E-05,7.1777962885412E-05,7.08621502696432E-05,7.40359529380677E-05
659,0.000541323725624869,0.000345087498894332,7.03118875200301E-05,7.43280126325092E-05,7.71690885991625E-05,7.34948863017476E-05
660,0.000472931941753193,0.000314248088689056,7.1324743013759E-05,8.21499206122091E-05,8.13487317136916E-05,8.54991381145634E-05
661,0.000399534627956748,0.000259622370450129,6.16448249406222E-05,6.81267114820419E-05,7.01030562731073E-05,7.52342295858665E-05
662,0.000341055093795728,0.000240012705893049,7.74806309016959E-05,8.59509123278484E-05,8.06460186873211E-05,8.56345960833272E-05
663,0.000307554138222437,0.000213671773904679,8.30396173200578E-05,8.57039997542463E-05,8.523125752765E-05,8.95384644810833E-05
664,0.000295491168150965,0.000195985370131284,7.83318784533081E-05,8.49067053829632E-05,8.24103031050368E-05,9.0218817206923E-05
665,0.000253310212976312,0.000170052586994261,7.84577127297799E-05,8.20328077459232E-05,8.22853169975714E-05,8.75880112821862E-05
666,0.000204986137759603,0.000158221757811785,7.39218051425866E-05,8.06631018379797E-05,7.92683507975535E-05,8.92640665872743E-05
667,0.00021891939905583,0.000154305065905036,7.43404416632175E-05,8.21506683748386E-05,8.35956607295906E-05,8.68015482459685E-05
668,0.00019542911146294,0.000151339100932535,8.1471866817477E-05,8.85053716502957E-05,8.62018766466927E-05,9.07031287292523E-05
669,0.000158834452638693,0.000119693474646958,7.13920850984339E-05,7.58518157406385E-05,7.56107000372453E-05,8.20286996327678E-05
670,0.000142446971995759,0.000126660647408593,7.03711759517473E-05,7.68484713023355E-05,8.18453787156538E-05,7.92610228614881E-05
671,0.000127245125708559,0.000107809378503681,7.18744596277034E-05,7.43658363563976E-05,7.72262822436172E-05,8.17635302089554E-05
672,0.000130328334085247,0.000102095261492494,7.46514922602384E-05,7.92789903132939E-05,8.33990152070793E-05,8.74314188359548E-05
673,0.000106409025432336,9.24859887592397E-05,6.49985118146486E-05,6.94846950716398E-05,6.98500194411016E-05,7.79163815188188E-05
674,9.64507937826523E-05,9.33888127499768E-05,6.55830487920763E-05,8.07422143988323E-05,8.05995829250896E-05,8.03143199776047E-05
675,9.90562432402102E-05,7.71010093066361E-05,7.28755716397332E-05,7.54531642057687E-05,7.7093450384155E-05,7.87337365625413E-05
676,9.6216786867205E-05,9.34093070832986E-05,6.83450703056434E-05,7.58070097010355E-05,7.93030575709834E-05,8.31575097605036E-05
677,8.00174903893601E-05,7.91181683738658E-05,7.67661641909753E-05,8.23983142588617E-05,8.14050252856921E-05,8.70722245262945E-05
678,9.08326349602678E-05,7.74797297791232E-05,6.85667784394133E-05,8.09382237253107E-05,7.70227338013971E-05,8.30866916035196E-05
679,8.88017768824314E-05,7.77453975394509E-05,6.52836477040085E-05,7.06589068097498E-05,7.18971287690963E-05,7.49640211221076E-05
680,7.74535384677578E-05,7.67478533708057E-05,7.13234377088143E-05,7.96851795570022E-05,7.9271404532476E-05,8.29412495393611E-05
681,5.46985549702505E-05,7.76927950800845E-05,7.8928076840011E-05,8.42792803739768E-05,8.64893709392248E-05,8.68200144096161E-05
682,8.18080886367253E-05,8.68727579292847E-05,7.70304962603406E-05,8.71827131048752E-05,8.54343573820104E-05,9.11789547571378E-05
683,6.12578352760398E-05,6.8969726664507E-05,6.75951987671227E-05,8.13920522117238E-05,7.82661882295425E-05,8.68544949210213E-05
684,7.06735923646135E-05,6.38342124583606E-05,7.70342156774288E-05,7.93900020895825E-05,8.29236817078132E-05,8.05678952956594E-05
685,7.4127541109496E-05,7.20938792478993E-05,8.00452059102457E-05,8.42766948435399E-05,8.19595822594679E-05,8.48375832071447E-05
686,7.31895803984356E-05,6.2481120826075E-05,6.99555910780879E-05,7.57398425600338E-05,7.92722098772526E-05,8.01405835094022E-05
687,5.9381935912753E-05,6.55917864737603E-05,6.88719388170732E-05,7.3270248138387E-05,7.74416605502675E-05,8.16654337874017E-05
688,6.32274575791592E-05,7.45744605950693E-05,8.11958241345476E-05,9.07808090345099E-05,8.98012643805811E-05,8.87706010352626E-05
689,6.79931425453842E-05,6.89156266764369E-05,7.94772780219121E-05,7.80646915639741E-05,8.02947033177252E-05,9.07802729406879E-05
690,5.46786162725607E-05,6.86054315487736E-05,7.02662295719433E-05,7.80276760503455E-05,7.61301360452154E-05,8.57771186260392E-05
691,6.40976150627573E-05,6.78790783902402E-05,7.19364615549796E-05,7.79576483283429E-05,7.82047590159575E-05,7.87936676640125E-05
692,5.48173891084547E-05,7.21984428366058E-05,7.1265113970758E-05,8.07844401801512E-05,8.09688024717132E-05,8.68580091937274E-05
693,6.35571972223997E-05,5.50435212686064E-05,7.03869028222304E-05,7.34678110265705E-05,7.27568322101843E-05,7.93926344964552E-05
694,6.12398379713148E-05,6.06617882978675E-05,6.50080804706705E-05,7.16879322701883E-05,7.38286727886245E-05,7.83066200548938E-05
695,6.31963193511948E-05,7.17584013278082E-05,8.42815854311934E-05,9.12108759765244E-05,9.49877854153958E-05,9.7010067634634E-05
696,6.64679443912694E-05,6.61698989796456E-05,7.36391787731709E-05,7.67356060948705E-05,7.52775886653137E-05,7.96962741406035E-05
697,5.7426852276032E-05,6.15162872829071E-05,7.43731913250347E-05,8.20012109481152E-05,8.62919719860979E-05,9.58269965149485E-05
698,6.38225983923329E-05,8.33843030359953E-05,8.11279744942685E-05,8.87343276394148E-05,8.56157718764591E-05,9.09183438965231E-05
699,5.4100905901106E-05,7.26448749296898E-05,7.48923469593574E-05,8.33338651463296E-05,9.0630473496665E-05,8.8594792478165E-05
700,5.03663089664083E-05,5.88868639335295E-05,7.3332698413003E-05,7.85208818719529E-05,8.21495179053528E-05,8.42422679658065E-05
701,7.04850591144487E-05,6.85270557467702E-05,7.45856822161175E-05,7.8734728132098E-05,7.98739441666012E-05,8.25228854258198E-05
702,4.93866765639048E-05,6.36073257491437E-05,7.45817136335172E-05,7.9243114870982E-05,8.29474258983003E-05,9.00533381619264E-05
703,5.58102398876162E-05,6.60681142926665E-05,7.15980033715245E-05,8.24693239189993E-05,8.21622497660979E-05,8.25480367103037E-05
704,4.95303183003169E-05,7.67054507973561E-05,8.20181607327278E-05,8.92593558727465E-05,8.49368938380188E-05,8.81562361910951E-05
705,4.46552546283473E-05,6.78059012343102E-05,7.46965476195679E-05,8.24312234819778E-05,8.43123239305138E-05,8.72315341935493E-05
706,4.08119342390465E-05,6.34061611281437E-05,7.44983253650054E-05,8.00796331285074E-05,8.39622820074654E-05,8.42049475624002E-05
707,6.02778578917944E-05,6.93959713448375E-05,7.86944797702904E-05,8.24250036609683E-05,8.74155058193584E-05,9.25105310617972E-05
708,5.57475242663149E-05,6.93824507599538E-05,7.79799697647617E-05,8.42647404109044E-05,8.25410047725206E-05,8.7635940199248E-05
709,4.76650237007389E-05,5.53770342857442E-05,7.76552379931769E-05,8.31258551136534E-05,8.43625739385827E-05,8.83231325247557E-05
710,5.67807037703256E-05,7.11105588015463E-05,7.47055926076244E-05,8.7932156544712E-05,8.52378564834535E-05,9.03815202367653E-05
711,3.95761998588041E-05,6.2133167154655E-05,8.09537728545889E-05,9.13972864157435E-05,8.99772466815214E-05,9.61433790341231E-05
712,5.26928435618924E-05,7.58481162686584E-05,8.01999827422992E-05,8.93610804112998E-05,8.76713183101441E-05,9.1807767617845E-05
713,4.7324505381073E-05,7.3851800011728E-05,7.49538967003184E-05,8.34107647370658E-05,8.22429996168597E-05,8.28762497417026E-05
714,4.23232665774124E-05,4.99968631339393E-05,6.2993437760509E-05,7.5646398034179E-05,7.23991845334329E-05,7.40938225742345E-05
715,5.89604330354605E-05,5.27586607930257E-05,7.93912554847043E-05,8.56234792930024E-05,8.30803151145138E-05,9.33364412655544E-05
716,5.67347082652639E-05,6.97297045033011E-05,7.77844155290489E-05,8.46054345726361E-05,9.08016588099561E-05,9.54497937884197E-05
717,3.8113268863545E-05,6.48431890180572E-05,7.33263739224132E-05,8.16069698400075E-05,8.1866807472299E-05,8.90956796401416E-05
718,4.90158710234222E-05,6.42070998376287E-05,9.14673726438617E-05,0.000101750116764343,9.84207948489058E-05,0.000103313501026882
719,6.80851882783541E-05,4.59025946779871E-05,7.96369752229149E-05,9.18696140502592E-05,9.56142994055687E-05,9.88596933801702E-05
720,4.57735892362069E-05,5.72243622213828E-05,8.72912558107441E-05,9.00515231143264E-05,9.60428464123358E-05,9.93461811684278E-05
721,3.62979742552688E-05,5.55684052291193E-05,7.75179252946215E-05,8.12204612933121E-05,8.95825447140839E-05,9.12298594592641E-05
722,4.54942204142381E-05,7.16999926154253E-05,8.61249515432977E-05,9.68309128865399E-05,9.6950719094931E-05,9.45781633615542E-05
723,4.57572064969193E-05,6.41338910416498E-05,7.87710309844466E-05,8.78309578708366E-05,9.05992688639003E-05,9.18575920425656E-05
724,4.12474353177735E-05,6.52510126987686E-05,7.91574559994114E-05,8.77077224067165E-05,8.4103565398429E-05,8.93255534093433E-05
725,4.87258364329734E-05,6.79506347530903E-05,8.40790695500159E-05,9.35171839512746E-05,9.29995004676425E-05,9.77147486259172E-05
726,4.68568306636282E-05,7.24984596029241E-05,7.8200526176104E-05,8.44962684336845E-05,8.45370359652771E-05,9.19596916264455E-05
727,5.27894350947206E-05,7.66810985313127E-05,8.57608757188408E-05,8.99783281718577E-05,9.12513676024294E-05,0.000100573819300602
728,4.86073254909211E-05,6.33511480754454E-05,7.87143436279732E-05,8.60743422429619E-05,8.57298095833932E-05,8.95715711761728E-05
729,3.43600879784214E-05,6.85132377770741E-05,8.51260206496105E-05,9.7466390537124E-05,9.07378682318836E-05,9.92295481207713E-05
730,4.91609625491921E-05,6.31177480034234E-05,8.88190474698379E-05,9.40033660264324E-05,9.38338144288549E-05,9.84775480378438E-05
731,4.28415504388972E-05,7.65462738810729E-05,9.97171603407678E-05,0.000102600051403266,0.000109478506591314,0.000114773551949487
732,4.95523484184129E-05,5.61638476709558E-05,9.27761179362303E-05,9.58684896651078E-05,9.64880068855631E-05,0.000101919894145955
733,5.82807598465556E-05,6.39894617866812E-05,8.99003442397278E-05,9.27148360354519E-05,0.000101635807600746,0.000103914608371641
734,4.00223901536971E-05,5.82020262989322E-05,8.38549805482948E-05,8.49206398196182E-05,9.67930336749238E-05,9.35249621936792E-05
735,6.17501963570407E-05,7.15878902384517E-05,9.23571233431126E-05,9.95334022379769E-05,0.000104145476718067,0.000105557535879445
736,4.1870993236718E-05,7.59380737554814E-05,9.77455075448273E-05,9.8769020712836E-05,0.000100816047048853,0.00011105117872894
737,5.648476510542E-05,4.96228547254213E-05,8.5173817963751E-05,9.89024200925647E-05,9.58618572049751E-05,9.77546977377631E-05
738,4.89749587770776E-05,7.32367471113441E-05,8.15301880713046E-05,9.01882611408236E-05,9.0957867635892E-05,9.43729964577578E-05
739,5.03296568776464E-05,7.76133341110787E-05,8.74809817836674E-05,9.47474515911639E-05,9.95040152068563E-05,0.000102526352206435
740,6.44305984520162E-05,6.40149171716806E-05,8.86565034699743E-05,9.66458976780243E-05,9.38109513461356E-05,9.9480844009913E-05
741,5.38935487873894E-05,6.52529819773103E-05,8.13555954021324E-05,8.29617625674911E-05,9.14042291753567E-05,9.68240344594689E-05
742,4.81699769114083E-05,7.52700438272375E-05,9.08394433094465E-05,9.85525319671876E-05,0.000106476272205917,0.000108388340402584
743,6.24892992493848E-05,7.3010947097765E-05,0.000102899353547747,0.000107442671484908,0.000111415791860504,0.000114143000126491
744,4.73069926736607E-05,6.88240441800676E-05,9.13261493565019E-05,9.78308608491302E-05,0.000102254064664118,0.000105116137720874
745,6.26911077993303E-05,6.50538913676732E-05,8.72312585898778E-05,9.31672040210681E-05,9.97928536653015E-05,0.000100837612709911
746,5.94246330727484E-05,7.1053836448031E-05,9.01002040053233E-05,9.57727275128221E-05,0.000101342884832792,0.000100933779262284
747,5.34856658378202E-05,5.98543193194617E-05,8.91885265513125E-05,9.80449862655412E-05,0.000101791900613662,9.7310392833761E-05
748,6.29890376326476E-05,6.19987952240448E-05,8.37373695307291E-05,8.90590433672932E-05,8.406131315284E-05,9.79294424546466E-05
749,7.12805928869303E-05,7.45826206299684E-05,8.87759009441635E-05,0.000100128898264998,0.000101155386621443,0.000111188723704076
750,6.38939651479168E-05,6.61552481535698E-05,9.13076049579212E-05,9.61390850825222E-05,9.76636452545659E-05,0.000105820404180471
751,5.06502623466541E-05,7.21863174136449E-05,9.126471130769E-05,9.49914387089524E-05,9.57108230091189E-05,9.98373525836967E-05
752,5.19679761770788E-05,7.863194441549E-05,9.48203931474851E-05,0.000101923503419195,9.98599500778846E-05,0.000109307948179738
753,5.61254215558099E-05,6.08867647034482E-05,8.94593024762989E-05,9.6100136475311E-05,9.44835781813484E-05,0.000101740604323087
754,6.32661053111672E-05,7.29321770574803E-05,9.58540243495431E-05,0.000100684597553671,0.000108933320111958,0.000102953518989935
755,5.58838474218438E-05,7.57673739781876E-05,9.38048475915946E-05,0.000101110053473845,0.000107239856523461,0.000106547241170334
756,5.50770191610156E-05,6.1641167749372E-05,9.25464910699755E-05,9.96544188456536E-05,0.000101218488694733,0.000104894604493862
757,6.48852522573056E-05,7.83971278334497E-05,9.29360160785184E-05,0.000103294338638817,0.000105849816396613,0.000110875712213547
758,5.71618816275991E-05,6.67138972047895E-05,9.23139399485018E-05,0.000102604640441514,0.000102076031195694,0.000101561430094887
759,5.69981339279629E-05,6.26906981650971E-05,9.04806860605836E-05,9.36730862878582E-05,9.28164919411609E-05,9.63494148593447E-05
760,6.82561569292407E-05,7.7729326021783E-05,9.3428276005713E-05,0.000103272339493998,0.000106891269510661,0.000111382122028769
761,4.84377979655548E-05,8.04275510170517E-05,9.12829085256933E-05,9.34041074564884E-05,0.000105348265261735,0.000109271964099834
762,5.4033854941714E-05,6.72562488917009E-05,9.87771062125562E-05,0.000102306939318265,0.000103636402070798,0.000111860216160538
763,4.82974337067927E-05,6.61432602673176E-05,9.89735624739934E-05,0.000106847461359248,0.000106667926205513,0.000116372175296483
764,4.89863246620503E-05,6.90867553720678E-05,8.95397965370851E-05,9.65653239412506E-05,0.000100373551246767,0.000104742985360437
765,4.82333489699952E-05,7.17045195898362E-05,9.66750223395886E-05,9.97318764726082E-05,0.000104463513543466,0.000104254969829375
766,5.12137170222244E-05,6.97076249693828E-05,9.11863432743487E-05,0.000104811811579732,0.000104733590800942,0.000114870036052392
767,5.09602449433738E-05,7.04256890567371E-05,8.97589279198796E-05,0.000102360989032666,9.98867603924388E-05,0.000106958148244251
768,4.81558651479818E-05,5.56399254960272E-05,9.69678748127351E-05,9.63525553212382E-05,0.00010222939621898,0.000106160963917285
769,8.30813660127425E-05,8.04013219478153E-05,9.99745771020001E-05,0.000100528452875418,9.94207013285818E-05,0.000102190080195673
770,4.95917664017351E-05,7.5253511399062E-05,9.99617360080911E-05,0.000105061957061236,0.000112352005736689,0.000115108765016158
771,5.84636048674541E-05,7.6653469652953E-05,8.48960973137354E-05,9.22036534309063E-05,9.84697526192642E-05,0.000104076262419374
772,6.07203187900438E-05,7.71346025065887E-05,9.67689925044E-05,0.000100139597861295,0.000101266032425729,0.000107204821606167
773,3.80802961123826E-05,7.29667609379202E-05,8.54521844761865E-05,0.00010388304779458,0.00010863039137659,0.000109468157891062
774,3.84497077822214E-05,6.96196230169652E-05,9.88791036324485E-05,9.46037582841642E-05,0.000101782493498504,0.000112310285646374
775,5.29777558844064E-05,7.6153920330205E-05,9.09833297679675E-05,9.76158902569191E-05,0.000103023439573769,0.00010400344851145
776,5.54494721465191E-05,7.12463781029808E-05,9.42565341148096E-05,0.000101243287108444,0.000106006285229535,0.000113071910317171
777,5.87657556100856E-05,7.52498385301658E-05,0.000101460354577239,0.000107081426852986,0.000109048802149498,0.00011101617744601
778,5.09633603097709E-05,5.80443966500137E-05,9.2820839461146E-05,0.000105077492551411,9.88202298067139E-05,0.000113818705670633
779,6.11336201525447E-05,6.00541810191212E-05,9.58092530148592E-05,0.000106108659231085,0.000107418205725932,0.000112090101329168
780,7.28552559795223E-05,7.10345648509797E-05,9.37497607407209E-05,0.000100989569287927,0.000102227957592055,0.000108402176203151
781,4.00668014393236E-05,7.15448816544009E-05,0.000102364215290143,0.000108335461182068,0.000113169326904102,0.00011288498186163
782,5.67091576199168E-05,8.54318052851834E-05,0.000103837539342845,0.000109467119801488,0.000115772760988193,0.000120308811830413
783,5.41458767311868E-05,8.62705957613028E-05,0.000102584701784186,0.000113719416116138,0.000115264138926484,0.000123675101670075
784,4.99939089095958E-05,6.56436289137965E-05,9.49650103984354E-05,0.000107194681661643,0.000105517176504759,0.000107211498755948
785,6.43819729523338E-05,7.26204888559175E-05,9.8351676387302E-05,0.000108874324448072,0.000107200056219922,0.00010686144017378
786,5.96836339245309E-05,6.76181063030128E-05,0.000101412762754819,0.000107528704514196,0.000109068050939596,0.00011947499134267
787,6.63367623952795E-05,7.58842178612984E-05,0.000100942910330314,0.000112210670066615,0.000107903935819165,0.000117333610156047
788,7.19715906030158E-05,7.961794978221E-05,9.76919433219282E-05,0.000108367979952838,0.000109195544611806,0.000118988581630516
789,5.40111904535278E-05,6.53760975158393E-05,9.05669907730568E-05,0.000107675225129425,0.000115433646805835,0.000113960410122735
790,7.55424078295316E-05,8.16042186050417E-05,0.000113903099647952,0.00011839649195018,0.000123019457429821,0.000129664791929634
791,5.09342699778184E-05,7.42887974845392E-05,9.42724904881421E-05,0.000103548929954614,0.000109091433215844,0.000116337467744025
792,5.6444657436945E-05,6.21224015467539E-05,0.000101717215050633,0.000107717643278393,0.000106518248263368,0.000116244915946397
793,5.67421718498668E-05,7.18260521418579E-05,0.000115362824342576,0.000124170249699909,0.000131849477311971,0.000129746194372575
794,5.26427887653096E-05,8.82208011190067E-05,0.000107877582278042,0.000122628414606842,0.000123528141100161,0.000128130243558603
795,4.00879661750919E-05,8.43517248975221E-05,0.000108213217736255,0.000115705572275943,0.000122146842151556,0.000121791930446803
796,5.97427432228224E-05,7.00086656118523E-05,9.25202424119681E-05,0.000102878375883906,0.000101715049073533,0.000110730612909108
797,6.40982353921618E-05,7.23374520517969E-05,9.51987114697474E-05,0.000113007939358486,0.000112443335213462,0.000113716554223097
798,7.31766424946093E-05,7.60088214539733E-05,0.000106767998683293,0.000109596478776096,0.000117675583958592,0.000120516110138837
799,4.78721816313646E-05,8.45628650726583E-05,0.000103061590288221,0.000104062933007984,0.000113141146664582,0.000118326555999707
800,6.09181453152474E-05,8.96927988714786E-05,0.000116966116124013,0.000118917747778611,0.000123604027572997,0.000124782984469567
801,7.51903924447582E-05,8.26634308929681E-05,0.000104841334789526,0.000114600097045733,0.000115662485435535,0.000127032655584997
802,6.22977036298364E-05,8.7250979169335E-05,0.00010939546266692,0.00012143794763637,0.000120023433528847,0.000124936002794162
803,6.45874272318188E-05,6.19772865702139E-05,0.000105796126621399,0.00011155377162147,0.000115090473491822,0.000118439895833398
804,6.00965536387457E-05,7.14125588625455E-05,9.80831659155157E-05,0.000110689466236946,0.00011130440771604,0.000114994056590605
805,5.79592256182384E-05,9.2718662773314E-05,0.000101820438690892,0.000112303441529865,0.00011744382073547,0.000113774528974654
806,6.58048791747213E-05,7.99951987417926E-05,0.000100276444452416,0.000109534813167279,0.00011628047221005,0.000112028194303432
807,5.5808883405944E-05,8.8763565185096E-05,0.000115004720175146,0.000128484966790112,0.000128769144961996,0.000125742768875104
808,6.66248036092159E-05,8.34982096022156E-05,0.000103849640689599,0.000107591970083819,0.000107280109300967,0.000122249426877846
809,3.91027334550922E-05,6.37934016313122E-05,0.000101421172247943,0.000110777143303518,0.000115500379933144,0.000120786197828856
810,7.60094214298625E-05,6.9132492863144E-05,0.000110247131662574,0.00011271597222144,0.000120593576850173,0.000129280712377238
811,6.2511666162885E-05,7.06895955414711E-05,0.000106627556743458,0.000113253122990331,0.000125732133058812,0.000127441064586595
812,5.68300431672106E-05,7.66480299263488E-05,0.000114451904579607,0.000121913580429028,0.000120577977330116,0.00013375392009651
813,5.07320415459076E-05,7.58023061497246E-05,0.000110007948808646,0.000121427144243933,0.000124891609397872,0.000127901774082502
814,5.38247682315597E-05,8.10684147457844E-05,0.000105336013499902,0.000123089047944401,0.000123283601746533,0.000126864878741183
815,7.89358594262669E-05,8.48068856597072E-05,0.000108600671338742,0.000121038171438312,0.000124311214156899,0.000129945614532237
816,6.36089418184247E-05,0.000100989717091735,0.000117651943161375,0.000128895991877114,0.000133071585952888,0.000142521992456693
817,6.44938539989535E-05,7.46886933638851E-05,0.000106288514557766,0.000114136850236919,0.000114521811133177,0.000122933237912611
818,4.72148626453581E-05,8.84311358931363E-05,0.000105628187498871,0.000112870516196194,0.000118695380354768,0.000123309143388997
819,4.52156754170278E-05,8.79847169925515E-05,0.000108138392755434,0.000115518757839632,0.000111989018016755,0.000126749748185152
820,9.15967486149948E-05,9.07398500062737E-05,0.000114973171167229,0.000125499999195658,0.000137487210959644,0.000136997064955455
821,5.36278396014532E-05,8.02225559040298E-05,0.000110950857739828,0.000120183294372585,0.000120627744276132,0.000121597453156596
822,6.29112625427664E-05,8.57546858511362E-05,0.000115679336352663,0.000128465880605223,0.000131359130761044,0.000137875277346655
823,5.60939608090391E-05,9.42835674039876E-05,0.000115612605541156,0.000126654258879357,0.000124705731819674,0.000127628522409198
824,5.79628052522024E-05,8.4939219151258E-05,0.000106785580208424,0.00011531077783747,0.000121045686993304,0.000126440686559086
825,6.49767070281486E-05,7.96092031350678E-05,0.000119725297601631,0.000135638760468685,0.000137774228950466,0.000139112151070927
826,7.28898101057195E-05,8.89129048048199E-05,0.000109202740393778,0.000121400008389002,0.000123474988353133,0.000127693987019852
827,5.47783148308392E-05,7.77076612000654E-05,0.000126310540627444,0.000137496340689628,0.000143528816208857,0.000149717337037486
828,6.31070480421815E-05,7.67069470746678E-05,0.000117524730934351,0.000123647181147351,0.000127100862803111,0.000129723215210562
829,8.71011097401775E-05,0.000101611927117794,0.00012430670853304,0.000136252724485039,0.000137471061154394,0.000145528544594538
830,4.49074085578132E-05,7.54251313626928E-05,0.000113945064647358,0.000121848768553533,0.000119214200584808,0.000131069756444071
831,7.62204822262626E-05,9.80229905087713E-05,0.00011498882099594,0.000121893348595522,0.000131324989912132,0.00013038311249825
832,5.63360685985703E-05,7.57104597820246E-05,0.000108766044998961,0.000118874719633541,0.000123568768140027,0.000124083466441177
833,7.07838450083383E-05,8.2722654279241E-05,0.000114719860302215,0.0001272176072455,0.000134038788128334,0.000137128989770708
834,5.27579489120361E-05,8.77192072233301E-05,0.000111093166709059,0.000121705051290223,0.000130327207512418,0.000136628013982484
835,6.97596371334423E-05,0.00010722507115729,0.000114492910071456,0.000126832681225601,0.000123686591612546,0.00013240282311505
836,6.67225787549368E-05,9.95582853130215E-05,0.000107812381571795,0.000122178648874208,0.000129035876713464,0.000133200754088205
837,6.45370259802113E-05,9.38072156154135E-05,0.000126992713599811,0.000138416265324761,0.000138232314341952,0.00014987014939262
838,5.81929270647711E-05,7.95334386974113E-05,0.000112109944839706,0.000123095318084083,0.00012233413916158,0.000128145447473765
839,6.91695130969329E-05,8.46532066445357E-05,0.000119809980867293,0.000127963599229326,0.00013915648407592,0.000137123319600041
840,4.33891940356012E-05,7.61379568871069E-05,0.000106931982351728,0.00012645652284252,0.000129397677563393,0.000127443910498814
841,8.60588160372325E-05,8.50673550229787E-05,0.000122049842315661,0.000131178223873896,0.000132868664903199,0.000144025575696597
842,8.59399767394972E-05,8.7579150166857E-05,0.000121555969442407,0.000147399441253242,0.000143012606086454,0.000145880807307742
843,8.32877983077733E-05,8.64371441873074E-05,0.000120876032960127,0.000131209455513656,0.000134852955556285,0.000137545775416632
844,6.19850199881643E-05,8.01327343666011E-05,0.000108946195156519,0.000119804503822348,0.000119202762149772,0.000130529683799555
845,7.95297325044515E-05,8.8634378397104E-05,0.000124576426481312,0.000139644614944822,0.000140294709362802,0.000143591188134588
846,7.13736679723396E-05,7.81678939631863E-05,0.000126132318579181,0.000136400642316115,0.000139258218567336,0.000138312675011958
847,6.99633004336296E-05,7.41567861493227E-05,0.000126798236364342,0.000137078304159229,0.000130428863283288,0.00013932161835305
848,7.37629675689342E-05,8.24201175032429E-05,0.000107725321147482,0.000116011884312673,0.000123953174012647,0.000126715361734378
849,5.45030866098415E-05,8.21799793878286E-05,0.000110969957947885,0.000121804615336634,0.000132151956800851,0.000132809833298969
850,7.9159641255814E-05,9.4426670947641E-05,0.000124480751163233,0.000130252962177613,0.000138331011576102,0.000144413916798116
851,7.34053036011082E-05,9.3109374799039E-05,0.000115496502680546,0.000131735600918212,0.000130948700770764,0.00013965740305194
852,4.84632598554391E-05,0.00010033686832794,0.000128638571137229,0.000131096439436508,0.000139968394722957,0.000143037827640742
853,7.45696416947383E-05,9.06584318757395E-05,0.000127147889618881,0.000140189066098178,0.000141138557057913,0.000139933276507732
854,4.95358348461215E-05,0.00010854649346191,0.000120936847115699,0.000126605504345267,0.000135380387992782,0.000138472882198447
855,6.09700840976415E-05,9.45088060800453E-05,0.000125662552277034,0.000135193139107033,0.000142605817752589,0.000147547603516292
856,7.39306321969936E-05,8.35246628659698E-05,0.000129986561918671,0.000138283378459848,0.000147104563735302,0.000148257761247569
857,6.46801427199922E-05,9.56465695279031E-05,0.000113249651668601,0.000123081799838281,0.000125667611953916,0.000134506476596019
858,6.70151291174092E-05,0.000106702989082713,0.000126794581956926,0.000138199738907658,0.000142271336241151,0.000153606576520921
859,5.87839912015111E-05,8.4094789973682E-05,0.000116369238821095,0.000131710831233015,0.000127454519548418,0.000134696539528023
860,6.59161451648747E-05,9.71176865297347E-05,0.000125852754304079,0.000134882447357565,0.000138350209777108,0.000141255023751921
861,6.53038123165036E-05,0.000106640940478689,0.000128957128201459,0.00015570897799758,0.000159460899523439,0.000157549649807106
862,7.7452297953651E-05,0.00010174584645387,0.000141029099124967,0.000150817751249322,0.000156618433989681,0.000160968946044949
863,5.14434144855299E-05,9.93176676019321E-05,0.000119038628677728,0.000130834576619511,0.000132840997507812,0.000134665663197757
864,7.27521075618659E-05,0.000107007698017012,0.000135375062020769,0.000146141801792606,0.000147499221307499,0.000148487963393557
865,7.19075930572048E-05,9.25682143182022E-05,0.000140905437000002,0.000138698041120106,0.00014200913493995,0.000154149812279375
866,7.65688086909652E-05,0.000112282246164429,0.000130503509160606,0.000145125783513096,0.000144836348153783,0.000147394956730109
867,6.66343740183028E-05,0.000111413271952407,0.000123887218605991,0.00013924264618831,0.000141121482493699,0.000143139491858747
868,8.63607432095393E-05,0.00011430164019966,0.000137231036807815,0.000160249496440204,0.000154693878986411,0.000157429822128659
869,4.92945061691148E-05,8.30803803586611E-05,0.000125207281671141,0.000134039501909899,0.00013141855553506,0.000141350601312404
870,7.89146148501512E-05,9.99273175517394E-05,0.000138809832529958,0.000142565738404672,0.000146693732856717,0.000157947223564666
871,8.54214868695571E-05,0.000127165608606147,0.000155967533534701,0.000167254385815778,0.000172015288726181,0.000179104990394368
872,7.60246700054168E-05,9.68701440391601E-05,0.00011859848520845,0.000128481692309154,0.000124680458808883,0.000134183542559561
873,6.90991691882978E-05,9.80581892964856E-05,0.000129088236083405,0.000153923715339827,0.000152466952241675,0.000165251400736847
874,6.45538072026855E-05,0.000107377108586405,0.000132763102564762,0.000137552264261383,0.000140036976840505,0.000153485530521018
875,0.000106757217321677,9.43934782452903E-05,0.000150930203636417,0.000161325906437905,0.000160170828348851,0.000165561192764437
876,5.90588812673145E-05,0.000107491594430235,0.000140169799414899,0.000148285863163383,0.000154594999837558,0.000169857188219387
877,8.65238478795081E-05,9.60288938912096E-05,0.000134101212394339,0.000142674373253557,0.000148719159015813,0.000161739045817721
878,5.76598587692513E-05,7.58140835680725E-05,0.000126666451593146,0.000147747034273688,0.00014317733054008,0.000152378357118736
879,7.056542559491E-05,0.000107184673907165,0.000115402521603384,0.000126525463631187,0.000138324322481045,0.000138294636944941
880,0.000103088038870267,0.000111202065155539,0.000151498181923744,0.000151203963088482,0.000161158367014852,0.000154464888512637
881,7.25291426146949E-05,8.94790961093328E-05,0.000124543617740377,0.000148870152054303,0.000149180611994372,0.000154323181100664
882,7.27348742093948E-05,9.97464835137207E-05,0.000138592253402063,0.000145836159821961,0.000141411922842962,0.000150791135402087
883,7.31545576937157E-05,0.000122114765646163,0.000134902359473714,0.000147470122035568,0.000154780412465595,0.000151560297752299
884,8.26638604194319E-05,0.000124014793971475,0.000139770828192037,0.000148918239725216,0.000155532610923653,0.000157595841127784
885,7.05782202127336E-05,0.00010145984014039,0.000132578472122689,0.000135763540522033,0.000144522478620228,0.000142929944420556
886,6.82899107772709E-05,9.52349247234761E-05,0.000140216748304521,0.000147145969088476,0.000149571059814958,0.000157662108170256
887,9.01528193091139E-05,9.93965991691495E-05,0.000150183726772849,0.00016112269862305,0.00016027096248171,0.00017087613525536
888,8.42272345320529E-05,0.000119548332884204,0.00014139189240359,0.000149448410489264,0.000156699276766371,0.000172006661129153
889,7.10303720548295E-05,0.000116308044952962,0.000149681672192921,0.000157379622892855,0.00016246627696932,0.000166272573742511
890,8.8102974660439E-05,9.59065509509411E-05,0.000134864809924129,0.00014738718512402,0.000155890382943234,0.000152811536939143
891,4.37676828590989E-05,9.47927016193348E-05,0.000121654688384969,0.000142193512960428,0.000139473280941786,0.000141676565566877
892,8.41960527262952E-05,7.91812466863101E-05,0.000143057144084772,0.000149700407368229,0.000152130089801062,0.000161187050764506
893,8.35713700872371E-05,0.000107346071689825,0.000139719368715973,0.000142549594451679,0.000154956653340415,0.000155012875068892
894,6.77488901894803E-05,9.47630108223387E-05,0.000131525617586123,0.000140921569230382,0.000145975263307481,0.000155640820416479
895,7.16754794210863E-05,0.000110016427474183,0.000139258936567736,0.000149164313152856,0.000153720037164799,0.000154698853199196
896,8.07989911516043E-05,0.000107462314779633,0.000152746766317904,0.000171667689663127,0.000167893915405827,0.000182494517877175
897,5.13288203485498E-05,0.000105623442017333,0.000151562683383706,0.000173071030683497,0.000168156058733082,0.00017824500687291
898,8.69358333885526E-05,0.000110795722996396,0.000142284609220513,0.000163501543385489,0.000161971864943092,0.000173324334280816
899,7.95678391508217E-05,0.000121111286916475,0.000158600425567688,0.000166838037150361,0.000176369376193134,0.000178877623309653
900,4.56926743873911E-05,8.19074779154861E-05,0.000138886132487813,0.000151147326742593,0.000151127427590436,0.000162605921860328
901,8.3124005052393E-05,9.41195680440053E-05,0.000139186458945065,0.000154908223666649,0.000156478564945812,0.000157637656158241
902,9.79235966092422E-05,0.00010103624385895,0.000151413466549623,0.000165140721030091,0.000162361276932807,0.000167608977366482
903,0.000102279026449376,0.000127878756726832,0.000145638175508629,0.000159394069815121,0.000164057883295746,0.000170669999810486
904,6.85743248560581E-05,0.000112437069456451,0.000140351158041174,0.000147594198436908,0.00015225878418329,0.000164483055224062
905,7.32985352221921E-05,0.000106503934910092,0.000148579341893303,0.000166133105191331,0.000167084738711178,0.000169891358798421
906,0.000107077145000228,0.000130212198709018,0.000173542747376402,0.000189571343596598,0.000191614270996995,0.000197236598834267
907,9.6910209821681E-05,0.000116380956205262,0.000160122459908975,0.000159866082656233,0.000167954246372559,0.0001718111082033
908,5.90597921163862E-05,0.00011393525466123,0.000149901329430858,0.000158238657259966,0.000167095452818043,0.000176381261525416
909,8.67368665201196E-05,0.000118228967894215,0.000146756632605689,0.000165804035872646,0.000171221855934548,0.000179530799706614
910,7.96174921504855E-05,0.000120400580180617,0.000162884718458478,0.000183330943243625,0.00017322383129297,0.000188881487929621
911,0.00010069404493227,0.000147325868775542,0.000172691209546989,0.000173231966147411,0.000181812058163314,0.000195588912762936
912,7.49555714389727E-05,9.33572060937773E-05,0.00013652200764797,0.000144629643207636,0.000154401106586503,0.000162907073806276
913,0.000104531536498959,0.00011632732555922,0.000172343029757289,0.000174475116723695,0.000182975907909744,0.000188630360773329
914,6.89626025056747E-05,0.000121321891326282,0.000171068957621441,0.000182453136743111,0.00018227927122551,0.000191169148883139
915,9.85955352137524E-05,0.000157943908563907,0.000187243300711312,0.000192611043004273,0.000198364772142226,0.000206957488635393
916,5.80770786270746E-05,0.00011140856999985,0.000152604106189038,0.00016554027084301,0.000170304698385973,0.000182168594693451
917,0.000107477758053954,0.000111065583359332,0.00015713390828494,0.000160387071229902,0.000168708893924749,0.000178848941443761
918,7.05480250331626E-05,0.000113094379046414,0.000153796367119115,0.000171204568971891,0.000186519076710479,0.000182644454738175
919,8.07241967725318E-05,9.46153278075321E-05,0.000157418049587646,0.00017317502594383,0.000170608839575483,0.000175392455188577
920,7.20588164847893E-05,0.000129655348189064,0.000164734475075813,0.000174415733940159,0.000173242627540469,0.000184766345329121
921,8.49711303920279E-05,0.000136240578853101,0.000170915165857631,0.000189974116960895,0.000181825063042802,0.00019400087360387
922,0.000112163729822049,0.000118378533379539,0.000171480953471255,0.000183171455019191,0.000188293560123578,0.000194324722247595
923,6.99222184128078E-05,0.000129492246154551,0.000162102545396067,0.000168445688476783,0.000182051270736869,0.000190723297267509
924,0.000108666644912835,0.000128681222739908,0.000161413698512631,0.000170833533356644,0.000170343459076086,0.00017168791064222
925,7.81630751597686E-05,0.00015783101633861,0.000208836704444794,0.000213249611598437,0.00023227287868281,0.000234965029587863
926,9.56791819359999E-05,0.000118036627800752,0.000167859992396682,0.000180105421878493,0.000189675491223518,0.000192565294267897
927,6.45937693748967E-05,0.000135275519752193,0.000192760188609809,0.000201953680577931,0.000210009259952878,0.00022503611978087
928,0.000111502117372903,0.00012453910640951,0.000187221166712379,0.00020016746261448,0.000208612643703884,0.000215187442847633
929,8.35047983150093E-05,0.000130767496264255,0.000173820817506403,0.000196093894586922,0.000201682943852947,0.000198669074818831
930,8.09427346341011E-05,0.000137515613679441,0.00018185134381128,0.000200737981892571,0.00018994561727469,0.000222322711128331
931,0.000122602210309461,0.000135698639807241,0.000212016771325815,0.000223149264471296,0.000232461823079551,0.000235250148465522
932,7.82691181788895E-05,0.000128926947371996,0.000187409275292847,0.000210555405774958,0.00020275988344657,0.000219451007446073
933,0.000120724394657704,0.000156450688167908,0.000214784444756228,0.000234992658644583,0.000242498566660258,0.000243653321739592
934,0.000116716785955747,0.000143691302314429,0.000205216546745733,0.00021198605208648,0.000220744312557616,0.000232774433240359
935,0.000101931326842891,0.00013545527963168,0.000216154434037112,0.00024533564549445,0.000245679037161484,0.000246574687591996
936,0.000118984072487616,0.000174974936684396,0.000201182933334454,0.000227203866383605,0.000216813358590526,0.000232096197996101
937,0.000143816109961156,0.000181540577466334,0.000222174917938031,0.000239087341389705,0.000239074344687085,0.000252490655134092
938,0.000145819344344163,0.00020293640630789,0.000267185361562693,0.000280276629162603,0.000308857013377095,0.000305408442884521
939,0.000105727427868675,0.000147786123091404,0.000200111176478437,0.000211119742250412,0.000216797722702928,0.000219325987282396
940,0.000101121448327494,0.000171373420557631,0.000229322439505024,0.000227990617784767,0.000242723037432564,0.000265383621135268
941,8.1341174456167E-05,0.000159988238391668,0.000225678927347946,0.000254166725021559,0.00026887547362953,0.000268880778619786
942,0.000148917213743204,0.00017401909815098,0.000247667618034032,0.000268576425537006,0.000269364496048806,0.000281319226445546
943,0.000102350678874339,0.000140457325398532,0.000222215900052591,0.000244171928578335,0.000244228844175307,0.000270882753034586
944,8.37516157858023E-05,0.000140886827988542,0.000224516368539866,0.00024567140630502,0.000251813191462646,0.000266144023497105
945,0.000122053929016538,0.000184452944446171,0.000220864531451737,0.000247169755770901,0.000253926280168784,0.000263888828594444
946,0.00014092590541849,0.000204617940908489,0.000250654715620278,0.000272613693953498,0.00026124606596864,0.000286365462160377
947,0.000123669729105132,0.000196115333887056,0.0002391735112237,0.000266059149836914,0.000266769247690262,0.000270651246728315
948,0.000138463356236882,0.000164313035424607,0.000236926187338665,0.000248083028964665,0.000257317718100793,0.000268808847116337
949,0.000149860639038038,0.000198642564603242,0.000241178399099537,0.000262656134197213,0.000279346184727785,0.000282159506456411
950,0.00012570845637401,0.000154446339209598,0.000231324408935577,0.00024501550526295,0.000230541950446147,0.000267625857474767
951,0.000118293383166025,0.000203906491693399,0.000248228472919015,0.00025652608843922,0.000274585642417057,0.00029220191058475
952,0.000133943193560535,0.000179551091009463,0.000235740020666542,0.000237049687448023,0.000248181855090609,0.00026520752324986
953,0.000135958978738718,0.000156835930645329,0.000208954151476493,0.000238777545330849,0.000236652742755423,0.00025318088895369
954,8.70455346162482E-05,0.000199617483338099,0.000238240668141469,0.000263638353565737,0.000272582490379813,0.000260850306367722
955,0.000109874611883149,0.000129327952958567,0.000200943138911325,0.000222377124229764,0.000217521430789538,0.000256902922634118
956,0.000150873336786529,0.000175601236164252,0.000231463614645029,0.00024520434288766,0.000254730945850001,0.000263227135734402
957,0.000175681244707466,0.000172078509175231,0.000245061597796964,0.000251023102451804,0.000255002918987396,0.000253456266422086
958,0.000117169097531701,0.000142679854960991,0.000215797449068284,0.000233716691654392,0.000244387807353127,0.000260351056332744
959,0.000112397567352239,0.000138030046932813,0.000200390255118155,0.000228083578180412,0.000233790207213869,0.000249395009840986
960,0.00010796505415429,0.000139771225411152,0.000205609086397214,0.000229255352750512,0.000240130703728888,0.000253392079821797
961,0.000137939936189615,0.000131794008744752,0.000204280713554365,0.000226114105870445,0.000230065298136601,0.000247743828482084
962,0.000141814790434635,0.000152226785649749,0.000239079080662926,0.000276168768969072,0.000282534638766378,0.00028160858992064
963,0.000107893275324172,0.000160830297454749,0.000202979347918385,0.000207853129629382,0.000239057942128685,0.000230021098736674
964,0.000105048803350286,0.0001617889100841,0.000240156543995615,0.000242779883399206,0.000264995688831677,0.000258514158460429
965,0.000120356944998922,0.000181506038022568,0.00023896871429536,0.000244264419875313,0.000245588346270301,0.00027802454294751
966,0.000127069718932939,0.000161098325534935,0.000209143104953503,0.000241149716445306,0.000251737742567443,0.000251208050221586
967,0.000156377698708735,0.00018470743056709,0.000228655563101272,0.000252389959145158,0.00025862293984386,0.000279642941918989
968,0.000115071064683234,0.000153156679575222,0.000240022387485329,0.000252870267798653,0.000265980709643468,0.000280331460812416
969,0.000108130090796769,0.000161604235271812,0.000229743362047774,0.000245310145164854,0.000247109350876559,0.000270441750742733
970,9.00372063455708E-05,0.000166437900897543,0.000232204488564215,0.000259997152251528,0.000270524928368812,0.000265870087958535
971,0.000148449698872813,0.000168634503276138,0.000223636089229895,0.000245478051293348,0.000251858624460235,0.000247086195752964
972,0.000105318771151073,0.000167446501147332,0.000257121226858888,0.000273519818707439,0.000285195439017329,0.000279194628992494
973,0.000122260691661283,0.00019805274455035,0.000251872357053719,0.000268168856590409,0.000288823958559293,0.000292195017503354
974,0.00013558077108537,0.000182760501102959,0.00024167111783172,0.000271812389480168,0.000281698972464788,0.000283879143303262
975,0.000155267073270762,0.000215574063630963,0.000242214012180526,0.000253359903049456,0.000276846623179919,0.000278908922026463
976,0.000126525865703637,0.000190046237274589,0.000254180463612344,0.000271848102928903,0.000280950434070669,0.000279922180792819
977,0.000131319901583613,0.000107173984195658,0.000251346291631035,0.000270847297016202,0.000273014075392331,0.000291070561860078
978,0.000136248219335156,0.000199244915548173,0.000243202926640263,0.000245742067269965,0.000253376487590066,0.000266225176617522
979,0.000152859072659997,0.000190547504764732,0.000251498259364542,0.00026910925617676,0.000278113342563502,0.000294032584470439
980,0.000103730162369878,0.000164953576437843,0.000237798202965105,0.000254599068945308,0.000283508667163496,0.00028163830048745
981,0.000158552863187076,0.00015343248850947,0.000267670520620691,0.000276861740525124,0.000303557132969208,0.00029286717837154
982,0.000130768400628129,0.000212470898813445,0.000298289604380163,0.000323273251447537,0.000327058652518352,0.00033992901615912
983,0.000128149381805181,0.000184488277158058,0.000258703504562688,0.000284923559902068,0.000291444540555883,0.00030272347150194
984,0.000153448878751808,0.00019364218866362,0.000260312992191951,0.000274604986259107,0.000287299719324746,0.000309895668330668
985,0.000133708507305169,0.00014353157275229,0.000269329300502946,0.000297398228823455,0.00029587778097787,0.000303315647465728
986,0.000166747199986784,0.000188095457424539,0.000286975970036776,0.000312963146117761,0.000321880947927434,0.000340593561041522
987,6.42766871002293E-05,0.000210076732489692,0.000262922906187683,0.000278967626030829,0.000281774282563159,0.00029071582249907
988,0.000123187851377375,0.000194999703969772,0.000275013686665915,0.0002771259994706,0.000300588012421863,0.000317578559774859
989,0.000160279587239061,0.000211621960645722,0.000303412986075804,0.000330474144293376,0.000323913863513358,0.000341954635658406
990,0.000135971246009527,0.000189975954606053,0.000289165516513595,0.0003125875078835,0.000309990834782623,0.000327025010324372
991,0.000179669336553008,0.000222459494263299,0.000289305859368758,0.000313695016117869,0.000324628086384711,0.00034817623772868
992,0.000130651163313855,0.00019547671009817,0.000259612263327386,0.000281798037562824,0.000296577802394014,0.000311878593012436
993,0.000177152155758749,0.000193560974769474,0.000319064654331665,0.000325382841037343,0.000343273047121521,0.00033452169174026
994,0.00015357847696245,0.000246809254193297,0.000301579130127589,0.000351614979379428,0.000335218518409309,0.000355215010928147
995,9.27714893478748E-05,0.000170297956790835,0.000311062202366623,0.000336240339764188,0.000330011312675929,0.000341537996288231
996,0.000208305659915062,0.000204712887112891,0.000301046068844378,0.000340498560996111,0.000360474539664888,0.000362577550973616
997,0.000196421056363318,0.000230740930156884,0.000318636852379594,0.000347295109793179,0.000361721534230193,0.000359490396526243
998,0.000236023290778334,0.000167500399907205,0.000268897963422459,0.000309696275114143,0.000282806478771897,0.000306914572044255
999,0.000151430631269918,0.000245448653904274,0.000341801745560948,0.000344849596197578,0.000369625406377221,0.000382767716336074
1000,0.000156113712187199,0.000264665899156076,0.00031292126309523,0.000350128364499846,0.000354898505705566,0.000356806562187854
